-- phpMyAdmin SQL Dump
-- version 4.6.4
-- https://www.phpmyadmin.net/
--
-- Host: 127.0.0.1
-- Generation Time: Feb 21, 2018 at 11:47 AM
-- Server version: 5.7.14
-- PHP Version: 7.0.10

SET SQL_MODE = "NO_AUTO_VALUE_ON_ZERO";
SET time_zone = "+00:00";


/*!40101 SET @OLD_CHARACTER_SET_CLIENT=@@CHARACTER_SET_CLIENT */;
/*!40101 SET @OLD_CHARACTER_SET_RESULTS=@@CHARACTER_SET_RESULTS */;
/*!40101 SET @OLD_COLLATION_CONNECTION=@@COLLATION_CONNECTION */;
/*!40101 SET NAMES utf8mb4 */;

--
-- Database: `ecommerce`
--

-- --------------------------------------------------------

--
-- Table structure for table `migrations`
--

CREATE TABLE `migrations` (
  `id` int(10) UNSIGNED NOT NULL,
  `migration` varchar(191) COLLATE utf8mb4_unicode_ci NOT NULL,
  `batch` int(11) NOT NULL
) ENGINE=MyISAM DEFAULT CHARSET=utf8mb4 COLLATE=utf8mb4_unicode_ci;

--
-- Dumping data for table `migrations`
--

INSERT INTO `migrations` (`id`, `migration`, `batch`) VALUES
(4, '2014_10_12_000000_create_users_table', 1),
(5, '2014_10_12_100000_create_password_resets_table', 1),
(6, '2018_02_18_123300_create_products_table', 1),
(7, '2018_02_18_123344_create_reviews_table', 1);

-- --------------------------------------------------------

--
-- Table structure for table `password_resets`
--

CREATE TABLE `password_resets` (
  `email` varchar(191) COLLATE utf8mb4_unicode_ci NOT NULL,
  `token` varchar(191) COLLATE utf8mb4_unicode_ci NOT NULL,
  `created_at` timestamp NULL DEFAULT NULL
) ENGINE=MyISAM DEFAULT CHARSET=utf8mb4 COLLATE=utf8mb4_unicode_ci;

-- --------------------------------------------------------

--
-- Table structure for table `products`
--

CREATE TABLE `products` (
  `id` int(10) UNSIGNED NOT NULL,
  `name` varchar(191) COLLATE utf8mb4_unicode_ci NOT NULL,
  `detail` text COLLATE utf8mb4_unicode_ci NOT NULL,
  `stock` int(11) NOT NULL,
  `price` int(11) NOT NULL,
  `discount` int(11) NOT NULL,
  `created_at` timestamp NULL DEFAULT NULL,
  `updated_at` timestamp NULL DEFAULT NULL
) ENGINE=MyISAM DEFAULT CHARSET=utf8mb4 COLLATE=utf8mb4_unicode_ci;

--
-- Dumping data for table `products`
--

INSERT INTO `products` (`id`, `name`, `detail`, `stock`, `price`, `discount`, `created_at`, `updated_at`) VALUES
(1, 'molestiae', 'Dolorem magni ea aperiam quasi. Rerum ratione et quidem aut magni enim. Tempora ut ullam enim. Perferendis dicta sit blanditiis maiores quas deleniti qui esse.', 4, 255, 4, '2018-02-21 11:33:53', '2018-02-21 11:33:53'),
(2, 'aut', 'Vero cupiditate consequatur eum et ratione quae et. Voluptatem amet voluptates tenetur accusantium. Enim quos animi autem.', 3, 236, 2, '2018-02-21 11:33:54', '2018-02-21 11:33:54'),
(3, 'aspernatur', 'Reprehenderit aut ut et natus libero sunt. Dolores possimus modi minus qui. Molestias minima eveniet optio temporibus sunt qui qui. Pariatur illum autem quia consequatur consectetur asperiores quibusdam. Velit quas velit tenetur et in doloremque.', 9, 359, 18, '2018-02-21 11:33:54', '2018-02-21 11:33:54'),
(4, 'totam', 'Magnam quas sed aut nisi suscipit. Molestias a deserunt cupiditate quisquam in quis cupiditate officia. Porro nostrum illum placeat velit non nihil illo quos.', 2, 854, 23, '2018-02-21 11:33:54', '2018-02-21 11:33:54'),
(5, 'dolor', 'Inventore corporis et quod sit impedit iste. Qui iusto aliquam maiores eum et dolorem quis unde. Occaecati odio odit ab modi. Perspiciatis ea doloremque maiores unde eum sit cum. Consequatur corporis totam sapiente quasi.', 4, 546, 4, '2018-02-21 11:33:54', '2018-02-21 11:33:54'),
(6, 'ipsum', 'Pariatur repudiandae ut quo blanditiis. Esse exercitationem eos assumenda labore. Architecto mollitia perspiciatis sit modi error. Et dolorum animi ipsum.', 2, 107, 11, '2018-02-21 11:33:54', '2018-02-21 11:33:54'),
(7, 'atque', 'Commodi animi illum nihil similique nobis. Quam recusandae omnis maxime aut non dolores. Et est molestiae recusandae est vero.', 7, 790, 12, '2018-02-21 11:33:54', '2018-02-21 11:33:54'),
(8, 'aut', 'Et iure quia inventore iure commodi et dolores. Earum repellat sit quam corporis ullam vero. Voluptas enim nobis eligendi sint voluptatum repudiandae placeat. Rerum aut ab dignissimos dolorum et et.', 0, 546, 23, '2018-02-21 11:33:54', '2018-02-21 11:33:54'),
(9, 'accusamus', 'Nostrum nihil nihil dicta porro aut est. Rem repellat esse molestias soluta. Ducimus praesentium optio molestiae. Veniam sapiente ea mollitia quis nemo sit quos accusamus.', 6, 644, 9, '2018-02-21 11:33:54', '2018-02-21 11:33:54'),
(10, 'nisi', 'Voluptates error reiciendis fuga dolores nobis voluptas architecto consequatur. Sit consequatur explicabo dolores explicabo quae ducimus. Dolorem nisi quae sint quo aliquid tempore. Et omnis libero voluptas sunt quia exercitationem.', 5, 200, 5, '2018-02-21 11:33:54', '2018-02-21 11:33:54'),
(11, 'expedita', 'Illum laboriosam dolorem quaerat corrupti. Sunt maiores incidunt quo reiciendis rerum et. Quam est similique sunt et. Possimus tenetur velit quo rerum iure quibusdam.', 4, 950, 30, '2018-02-21 11:33:54', '2018-02-21 11:33:54'),
(12, 'laborum', 'Dolorem quibusdam incidunt aut dolor suscipit ad voluptatum. Sed et et atque laudantium officiis. Aut et sed sunt nostrum.', 7, 797, 7, '2018-02-21 11:33:54', '2018-02-21 11:33:54'),
(13, 'saepe', 'Et asperiores sed voluptate commodi. Eum pariatur amet nemo et voluptatem id commodi. Unde illum eius ipsam.', 4, 909, 16, '2018-02-21 11:33:54', '2018-02-21 11:33:54'),
(14, 'repudiandae', 'Dolores sed nemo qui quis laborum. A qui non sit molestias tempore suscipit. Animi non accusantium molestiae earum. Enim quidem sunt porro numquam quisquam ratione nulla.', 1, 537, 13, '2018-02-21 11:33:54', '2018-02-21 11:33:54'),
(15, 'quasi', 'Nulla amet impedit quia ad ipsam eligendi impedit dolorum. Error dicta et perferendis maiores. Blanditiis voluptas aut autem quam inventore earum qui error.', 2, 503, 7, '2018-02-21 11:33:54', '2018-02-21 11:33:54'),
(16, 'illo', 'Aut ut totam in veritatis est. Vel aliquam veritatis nihil eligendi. Id et ab voluptate aspernatur est.', 2, 810, 3, '2018-02-21 11:33:54', '2018-02-21 11:33:54'),
(17, 'mollitia', 'Iure amet similique voluptates ea temporibus est sit. Necessitatibus at necessitatibus delectus veritatis aut ut aut. Officia et dignissimos eligendi quod ut neque odit.', 6, 793, 6, '2018-02-21 11:33:54', '2018-02-21 11:33:54'),
(18, 'qui', 'Inventore sed adipisci quo atque atque quia. Fugiat unde veritatis sint molestiae sed.', 0, 202, 2, '2018-02-21 11:33:54', '2018-02-21 11:33:54'),
(19, 'reiciendis', 'Sit est tempora officia aut quo ex. Ullam quae in aut magnam voluptates pariatur quis.', 1, 804, 27, '2018-02-21 11:33:54', '2018-02-21 11:33:54'),
(20, 'in', 'Sunt quibusdam voluptates sit dolorem dolor praesentium consequuntur. Est non laudantium vitae quo velit sunt. Sint aliquam aut voluptates fugit nemo inventore assumenda qui. Veniam adipisci aliquam id id odit consequuntur.', 5, 581, 23, '2018-02-21 11:33:54', '2018-02-21 11:33:54'),
(21, 'neque', 'Saepe earum dolorum velit velit libero earum. Amet eaque inventore est dolore. Rerum iure vero et est magnam.', 8, 626, 18, '2018-02-21 11:33:54', '2018-02-21 11:33:54'),
(22, 'modi', 'Error dolor quaerat aliquid adipisci. Atque rem est minus aut ea eos sed. In quae alias dolores provident non eius. Distinctio sit error et quae.', 0, 907, 13, '2018-02-21 11:33:54', '2018-02-21 11:33:54'),
(23, 'quis', 'Dolorem et consequatur non a similique vel. Qui sequi aut similique et adipisci sed quas. Rerum vel est nulla et a atque unde.', 2, 102, 28, '2018-02-21 11:33:54', '2018-02-21 11:33:54'),
(24, 'enim', 'Quidem ipsa dolorem nihil illo enim dolor. Sit nihil praesentium consequatur delectus quis. Est natus temporibus nobis nam voluptatibus. Iure est cumque quasi laudantium dignissimos est minus.', 7, 688, 6, '2018-02-21 11:33:54', '2018-02-21 11:33:54'),
(25, 'sit', 'Sequi dolorum dolorem impedit modi. Occaecati nostrum qui enim esse. Et eius incidunt est libero aperiam placeat. Fuga ea eius ratione similique eveniet.', 3, 688, 23, '2018-02-21 11:33:54', '2018-02-21 11:33:54'),
(26, 'corrupti', 'Quam ratione dignissimos molestiae consequatur ut suscipit nulla. Non aut suscipit magni vel neque ut. Omnis quia perspiciatis ipsum aliquam tempore vel. Eaque dolores et aut a voluptatem.', 0, 986, 22, '2018-02-21 11:33:54', '2018-02-21 11:33:54'),
(27, 'qui', 'Ut alias et vel in sed asperiores. Expedita laboriosam veritatis cupiditate voluptas quaerat consequatur ex. Est sunt ut laboriosam ut eveniet aliquid.', 4, 151, 17, '2018-02-21 11:33:54', '2018-02-21 11:33:54'),
(28, 'voluptatum', 'Aperiam commodi et voluptas. Itaque et commodi velit assumenda. Saepe provident aut rerum enim. Fuga qui id expedita itaque cupiditate.', 2, 643, 8, '2018-02-21 11:33:54', '2018-02-21 11:33:54'),
(29, 'porro', 'Voluptatum quos aut asperiores rerum porro. Nihil fuga qui alias non. Ipsa architecto nemo officia voluptatem nam voluptate consequuntur provident.', 0, 922, 13, '2018-02-21 11:33:54', '2018-02-21 11:33:54'),
(30, 'esse', 'Nam omnis consequatur dolores vel soluta necessitatibus fuga alias. Voluptas veniam sit nesciunt. Velit aut eaque et placeat architecto.', 1, 887, 13, '2018-02-21 11:33:54', '2018-02-21 11:33:54'),
(31, 'repudiandae', 'Voluptas animi ut et impedit. Et et quidem quis eos ab est eum quibusdam. Sint sint corporis consequatur officiis repudiandae earum dignissimos.', 4, 266, 22, '2018-02-21 11:33:54', '2018-02-21 11:33:54'),
(32, 'dolores', 'Ut quo quas minus aspernatur. Adipisci qui quis tempora eligendi pariatur earum et doloribus. Est ut consequatur fugit. Deserunt sit quia sint blanditiis dignissimos sunt. Architecto distinctio doloremque aliquam doloremque.', 9, 707, 27, '2018-02-21 11:33:54', '2018-02-21 11:33:54'),
(33, 'saepe', 'Suscipit sapiente at voluptatem libero repellat sint maiores. Dolores voluptatum veniam aliquam. Reprehenderit laboriosam distinctio officiis sint aut placeat.', 4, 104, 29, '2018-02-21 11:33:54', '2018-02-21 11:33:54'),
(34, 'veritatis', 'Voluptas vel voluptatem dignissimos qui excepturi qui. Sit nulla odit et amet et voluptas omnis. Consequuntur dolores quisquam magni aut vel consequatur voluptatem. Dolorem consequuntur ea aspernatur ex nisi.', 1, 540, 23, '2018-02-21 11:33:54', '2018-02-21 11:33:54'),
(35, 'inventore', 'Repudiandae nulla maxime et inventore quis. Impedit illum aspernatur quod fuga. Optio porro repellat dicta quia voluptatum.', 8, 865, 19, '2018-02-21 11:33:54', '2018-02-21 11:33:54'),
(36, 'corrupti', 'Molestiae aut ut rerum neque. Et sunt quae est libero non.', 9, 982, 23, '2018-02-21 11:33:54', '2018-02-21 11:33:54'),
(37, 'mollitia', 'Explicabo et et mollitia eligendi et. Repellendus ex dolorem et tempora saepe delectus officia. Magni autem explicabo laborum. Non fugit libero cupiditate dolorem nisi.', 1, 761, 5, '2018-02-21 11:33:54', '2018-02-21 11:33:54'),
(38, 'qui', 'Voluptas sequi voluptas laudantium corrupti atque id suscipit aut. Vero reprehenderit nihil iure et sint repellat earum. Dolorem quam at eum sapiente in. Recusandae sint dignissimos sit ipsa. Ea molestiae illo est quae laborum eaque.', 5, 790, 10, '2018-02-21 11:33:54', '2018-02-21 11:33:54'),
(39, 'eos', 'Rerum quia unde sint aut magni. Voluptatem ipsam quaerat totam sapiente atque occaecati. Quis eaque asperiores repellendus similique dolores iure.', 7, 747, 22, '2018-02-21 11:33:54', '2018-02-21 11:33:54'),
(40, 'reiciendis', 'Autem aut ratione occaecati et id dolorem accusantium. Esse ullam aliquid pariatur. Sequi unde sint accusantium quas blanditiis ipsa in.', 9, 759, 3, '2018-02-21 11:33:54', '2018-02-21 11:33:54'),
(41, 'nisi', 'Quibusdam porro dolores asperiores est sed omnis velit. Necessitatibus dolore esse saepe eveniet id. Explicabo quidem quia ab fugiat cupiditate. Qui repellat omnis suscipit et temporibus odit. Corrupti reprehenderit enim vel tempora quas.', 1, 200, 23, '2018-02-21 11:33:54', '2018-02-21 11:33:54'),
(42, 'voluptates', 'Enim quibusdam distinctio et quis aut. Non voluptatem et molestias quisquam distinctio corporis.', 7, 327, 22, '2018-02-21 11:33:54', '2018-02-21 11:33:54'),
(43, 'maxime', 'Vel quam quia soluta in cum tenetur ut non. Deserunt aperiam similique at consequatur repellendus et.', 2, 434, 4, '2018-02-21 11:33:54', '2018-02-21 11:33:54'),
(44, 'est', 'Praesentium quisquam similique aut ullam quaerat quae culpa. Ducimus explicabo neque qui aliquid rerum est. Ratione error commodi quo libero aut. Sapiente laborum aut expedita velit laudantium non praesentium.', 2, 902, 17, '2018-02-21 11:33:54', '2018-02-21 11:33:54'),
(45, 'quis', 'Neque sed quia placeat at et sed dicta. Optio iste dolores pariatur alias ducimus. Et dolor voluptas veritatis earum. Officiis molestiae et molestiae id consequuntur accusamus odio.', 2, 375, 19, '2018-02-21 11:33:54', '2018-02-21 11:33:54'),
(46, 'dolor', 'Voluptatem aperiam dicta molestias. Explicabo culpa est sunt.', 9, 895, 30, '2018-02-21 11:33:54', '2018-02-21 11:33:54'),
(47, 'dolorem', 'Omnis minima minima veritatis esse nisi tempora quas. Quaerat sed illo molestiae et quod alias. Soluta iusto at optio excepturi voluptas.', 8, 220, 18, '2018-02-21 11:33:54', '2018-02-21 11:33:54'),
(48, 'dignissimos', 'Et perspiciatis magnam laborum voluptatem tempora consequuntur cum. Voluptas enim nostrum accusantium mollitia. Similique impedit nobis omnis autem nemo vel. Molestias porro eligendi in ducimus quia.', 3, 608, 13, '2018-02-21 11:33:54', '2018-02-21 11:33:54'),
(49, 'quibusdam', 'Modi unde ipsum suscipit est iste esse. Aut eveniet ut sit beatae sequi. Earum impedit sequi similique excepturi nostrum aut beatae. Asperiores rerum quia consectetur numquam aspernatur quae.', 5, 801, 19, '2018-02-21 11:33:54', '2018-02-21 11:33:54'),
(50, 'nostrum', 'Autem harum ut corrupti. Quia ut a voluptas quia. Iusto corrupti minus voluptatem sequi quod voluptatem quibusdam. Quia accusantium molestias quis occaecati ab accusantium. Perspiciatis sit voluptatum non sit nihil reprehenderit inventore corrupti.', 0, 636, 18, '2018-02-21 11:33:54', '2018-02-21 11:33:54'),
(51, 'inventore', 'Aliquid iusto itaque aspernatur veritatis praesentium nesciunt quis. In voluptas rem laudantium est rerum eum. Sit animi odio facilis saepe.', 8, 313, 12, '2018-02-21 11:39:34', '2018-02-21 11:39:34'),
(52, 'officia', 'Molestiae dolores dolores sed et et. Quod assumenda eos repudiandae sed tenetur. Quia magnam dolorum reiciendis beatae nobis sit. Non voluptatem numquam saepe quaerat ex qui.', 3, 568, 2, '2018-02-21 11:39:34', '2018-02-21 11:39:34'),
(53, 'voluptas', 'Similique quasi corporis eaque animi ipsum. Adipisci quasi dolores doloribus quo. Velit incidunt aut ut quam voluptatum.', 5, 939, 24, '2018-02-21 11:39:34', '2018-02-21 11:39:34'),
(54, 'molestiae', 'Ut est et voluptate vel ut suscipit. Aut repellendus vitae architecto id ab. Rerum praesentium ut minus consequatur ut blanditiis necessitatibus totam. Et eaque vel dolor maxime eum corrupti odio.', 3, 791, 3, '2018-02-21 11:39:34', '2018-02-21 11:39:34'),
(55, 'facilis', 'Totam voluptatibus vitae maxime quibusdam. Inventore sequi minus deleniti illo dolorum autem. Voluptate quibusdam odit at nemo et id dicta quasi.', 4, 814, 13, '2018-02-21 11:39:34', '2018-02-21 11:39:34'),
(56, 'tempora', 'Illo eaque sit recusandae consequatur itaque. Aut dolore fuga sit eos veritatis totam veniam.', 5, 659, 18, '2018-02-21 11:39:34', '2018-02-21 11:39:34'),
(57, 'eveniet', 'Dolore quisquam ea recusandae. Corrupti ex numquam esse sapiente magni accusantium. Occaecati sunt maxime voluptatum atque.', 8, 587, 25, '2018-02-21 11:39:34', '2018-02-21 11:39:34'),
(58, 'nostrum', 'Tenetur consequatur molestiae ipsa est et. Ut adipisci impedit dolores odio velit quam id. Sit minus facilis velit ea labore eveniet. Optio eveniet quia iusto porro sint.', 5, 812, 16, '2018-02-21 11:39:34', '2018-02-21 11:39:34'),
(59, 'optio', 'Delectus minus deserunt quas et vel quaerat voluptatem. Molestias voluptatibus natus vel sint odit et itaque. Quae molestias provident odio sed sit aut et. Delectus porro vitae iste rerum.', 6, 704, 14, '2018-02-21 11:39:34', '2018-02-21 11:39:34'),
(60, 'tenetur', 'Ut sunt et aspernatur autem molestias. Sint dolorum laborum rerum at magni in non rerum. Laborum dolorum vel id non.', 1, 463, 19, '2018-02-21 11:39:34', '2018-02-21 11:39:34'),
(61, 'nemo', 'Cupiditate beatae ut reprehenderit non et. Id voluptas velit enim quaerat. Excepturi quam et eum voluptas similique provident.', 3, 379, 21, '2018-02-21 11:39:34', '2018-02-21 11:39:34'),
(62, 'quaerat', 'Minus est odit est ut deserunt quia. Ut dicta eos temporibus. Id iste necessitatibus laboriosam repellendus. Recusandae aut occaecati rem et.', 3, 389, 12, '2018-02-21 11:39:34', '2018-02-21 11:39:34'),
(63, 'nemo', 'Ipsum et mollitia qui voluptas omnis vel architecto. Voluptas et aliquid sit distinctio magni voluptas rerum. Eius delectus sunt voluptatem eum.', 8, 501, 5, '2018-02-21 11:39:34', '2018-02-21 11:39:34'),
(64, 'ipsam', 'Expedita architecto et aut aut architecto sequi consequatur. Aperiam qui quis corrupti suscipit error laboriosam. Debitis dolor quam at sed reiciendis voluptatum eum.', 7, 971, 17, '2018-02-21 11:39:34', '2018-02-21 11:39:34'),
(65, 'repellendus', 'Qui porro harum occaecati perferendis non. Est architecto et cumque sed molestiae tempore et. Esse est exercitationem et hic.', 6, 497, 12, '2018-02-21 11:39:34', '2018-02-21 11:39:34'),
(66, 'rem', 'Eligendi eum dicta minima corporis error. Fuga eaque repellat molestiae velit. Incidunt quis ipsam sit et saepe voluptatem atque nesciunt.', 1, 744, 10, '2018-02-21 11:39:34', '2018-02-21 11:39:34'),
(67, 'dolor', 'Asperiores rerum laboriosam neque nemo ut. Quia animi ut dolore est enim beatae error. Esse voluptas consectetur sint delectus eos impedit. Occaecati rem reprehenderit error aspernatur.', 7, 451, 15, '2018-02-21 11:39:34', '2018-02-21 11:39:34'),
(68, 'eveniet', 'Enim veniam aliquam non. Dolor magni earum fuga commodi qui eum assumenda.', 0, 769, 26, '2018-02-21 11:39:34', '2018-02-21 11:39:34'),
(69, 'magnam', 'Ad impedit odit laboriosam eveniet enim expedita ipsa voluptatem. Consequatur unde quos porro illo et reiciendis quia. Officiis nesciunt amet ad harum.', 9, 811, 17, '2018-02-21 11:39:34', '2018-02-21 11:39:34'),
(70, 'quod', 'Aut ex debitis assumenda praesentium accusantium officia. A modi sunt aliquid beatae fugiat ea quia. Ab voluptatem voluptates fugiat.', 0, 861, 15, '2018-02-21 11:39:34', '2018-02-21 11:39:34'),
(71, 'a', 'Cupiditate nihil voluptatem quis eveniet et. Sed nisi enim sequi. Quia saepe eos adipisci neque dolores.', 7, 378, 19, '2018-02-21 11:39:34', '2018-02-21 11:39:34'),
(72, 'omnis', 'Delectus commodi delectus ea ut aperiam aliquam voluptate. Unde fugit sed aspernatur. Amet sit cupiditate nobis odit. Quisquam animi itaque dolore eligendi.', 2, 537, 18, '2018-02-21 11:39:34', '2018-02-21 11:39:34'),
(73, 'nostrum', 'Dolores molestiae voluptatem voluptatem ut impedit et. Explicabo libero nihil ea. Sit ut iusto vel odit. Molestias est praesentium quod deserunt beatae voluptates.', 5, 702, 30, '2018-02-21 11:39:34', '2018-02-21 11:39:34'),
(74, 'nihil', 'Cum ea nulla itaque inventore. Praesentium odit maiores non itaque beatae quibusdam excepturi. Nam necessitatibus sint quae quo ut tempora id.', 3, 952, 3, '2018-02-21 11:39:34', '2018-02-21 11:39:34'),
(75, 'repellat', 'Et itaque natus aut est cumque voluptatem. Quasi maiores vel sapiente ipsam aut aspernatur atque necessitatibus. Fugiat tenetur dolore facere itaque. Aliquam qui vel nesciunt voluptate. Veniam nihil est voluptas consequatur aut dolor.', 6, 684, 15, '2018-02-21 11:39:34', '2018-02-21 11:39:34'),
(76, 'qui', 'Corporis deleniti quam unde unde rerum et. Corrupti placeat temporibus tempora voluptas nemo at sapiente. Sit assumenda et ut quia voluptates veniam.', 7, 999, 9, '2018-02-21 11:39:34', '2018-02-21 11:39:34'),
(77, 'dolore', 'Voluptatum consequatur ut aut esse assumenda sit vitae. Necessitatibus nulla quos vel. Illo neque consequatur earum veritatis.', 8, 734, 10, '2018-02-21 11:39:34', '2018-02-21 11:39:34'),
(78, 'labore', 'Consectetur quia accusantium quia. Possimus qui accusantium quis occaecati et dicta. Reiciendis provident hic autem eos dolor error libero asperiores.', 2, 524, 25, '2018-02-21 11:39:34', '2018-02-21 11:39:34'),
(79, 'natus', 'Odio autem repellat iste expedita vel velit itaque. Autem aliquid nisi sed non consequuntur molestiae. Omnis nisi itaque libero.', 1, 391, 10, '2018-02-21 11:39:34', '2018-02-21 11:39:34'),
(80, 'accusantium', 'Quibusdam quo quisquam est eum. Voluptatem illum est atque tempora aliquid. Tempore eveniet sunt dignissimos blanditiis. Provident officiis repellat ea nihil.', 4, 561, 8, '2018-02-21 11:39:34', '2018-02-21 11:39:34'),
(81, 'consequuntur', 'Error dignissimos nihil corporis laborum illum. Qui qui quod repellat quaerat. At voluptas id iusto. Dolorem nostrum vel doloremque qui.', 0, 859, 21, '2018-02-21 11:39:34', '2018-02-21 11:39:34'),
(82, 'maxime', 'Maxime provident delectus culpa quaerat animi molestiae qui dignissimos. Exercitationem illum velit quasi dolor sint. Voluptas sunt impedit modi eaque fugiat minima.', 5, 608, 15, '2018-02-21 11:39:34', '2018-02-21 11:39:34'),
(83, 'accusamus', 'Sint aut esse tempore. Aliquam iste deleniti doloribus quidem animi eligendi animi. Deserunt possimus aliquid est cupiditate voluptatem consectetur sapiente. Id ex et vel ut iure omnis at quas.', 2, 785, 27, '2018-02-21 11:39:34', '2018-02-21 11:39:34'),
(84, 'quis', 'Soluta temporibus ut doloremque rem reiciendis odio. Libero delectus maiores libero veniam cupiditate sed. Ratione illum quia est qui distinctio omnis.', 2, 574, 25, '2018-02-21 11:39:34', '2018-02-21 11:39:34'),
(85, 'et', 'Nobis pariatur ea facere amet est. Nisi aut cupiditate non quos tempora omnis nulla. Occaecati accusamus repellat alias blanditiis.', 5, 685, 5, '2018-02-21 11:39:34', '2018-02-21 11:39:34'),
(86, 'blanditiis', 'Natus quia vero laborum placeat corrupti. Earum ut enim harum sed tenetur consequatur enim repellat. Qui magnam dicta et repudiandae. Sint nihil ea rem praesentium.', 4, 486, 27, '2018-02-21 11:39:34', '2018-02-21 11:39:34'),
(87, 'consequatur', 'Et nesciunt voluptates ea ipsa magni. Suscipit quia consequuntur commodi molestiae optio. Possimus sit est dolore natus.', 6, 349, 24, '2018-02-21 11:39:34', '2018-02-21 11:39:34'),
(88, 'magnam', 'Quasi sed sapiente animi ratione voluptatem veniam dolor. Sequi veritatis repellendus voluptas quod facilis aut. Eum reprehenderit optio quasi. Voluptatem consequatur earum sit voluptas.', 5, 515, 6, '2018-02-21 11:39:34', '2018-02-21 11:39:34'),
(89, 'eos', 'Nemo magni a aspernatur est at ullam excepturi. Quos minima eum dolorem veritatis atque ab possimus. Et unde modi similique perspiciatis ut similique. Est voluptatem eum autem eius soluta.', 5, 568, 29, '2018-02-21 11:39:34', '2018-02-21 11:39:34'),
(90, 'suscipit', 'Ipsam quia molestias necessitatibus sequi omnis sint voluptatibus eum. Quia et a odit sunt ut. Optio sint sint quisquam non earum laudantium. Ea explicabo doloribus qui vel velit tenetur adipisci nisi.', 4, 931, 20, '2018-02-21 11:39:34', '2018-02-21 11:39:34'),
(91, 'harum', 'Qui id repellendus animi libero. Quasi aut est repellat et in. Voluptatum accusantium rerum doloribus.', 3, 664, 24, '2018-02-21 11:39:34', '2018-02-21 11:39:34'),
(92, 'dolorem', 'Et atque quia est tempore molestiae. Repudiandae dolorum dolor dolor voluptatem. Animi est omnis aspernatur omnis.', 0, 174, 28, '2018-02-21 11:39:34', '2018-02-21 11:39:34'),
(93, 'voluptas', 'Asperiores iure veniam modi sit. Cupiditate impedit aut molestias. Minus et atque et quia omnis voluptatem.', 5, 759, 26, '2018-02-21 11:39:34', '2018-02-21 11:39:34'),
(94, 'eius', 'Esse sint ut iusto autem. Fuga eligendi rerum praesentium omnis maxime. Sint excepturi culpa aliquam illo incidunt qui. Aut cupiditate rerum laudantium amet eum.', 6, 515, 8, '2018-02-21 11:39:34', '2018-02-21 11:39:34'),
(95, 'aliquid', 'Qui illum voluptas non libero aliquam sit est. Et illum quae debitis. Ipsam minus non vitae necessitatibus nesciunt sed reiciendis.', 5, 295, 3, '2018-02-21 11:39:34', '2018-02-21 11:39:34'),
(96, 'architecto', 'Architecto nulla nobis delectus dignissimos. Commodi rerum aut qui commodi dolore. Rerum voluptatibus et autem.', 4, 992, 3, '2018-02-21 11:39:34', '2018-02-21 11:39:34'),
(97, 'voluptatem', 'Vel id enim et aliquid. Nemo enim quia accusamus. Qui quam et quibusdam debitis dolorem ullam suscipit. Provident ut molestiae et id saepe voluptatibus unde voluptas. Delectus sed cumque fugiat quod.', 8, 856, 11, '2018-02-21 11:39:34', '2018-02-21 11:39:34'),
(98, 'doloremque', 'Illum pariatur quo repellat atque est nihil velit. Explicabo temporibus ducimus officiis beatae velit. Facere et qui ut recusandae accusamus dicta.', 7, 943, 13, '2018-02-21 11:39:34', '2018-02-21 11:39:34'),
(99, 'libero', 'Officiis vero amet et itaque ipsam enim. Nihil molestiae qui eum itaque officia perspiciatis molestiae. Repudiandae nihil ratione similique suscipit voluptates possimus fugiat.', 3, 983, 7, '2018-02-21 11:39:34', '2018-02-21 11:39:34'),
(100, 'aliquam', 'Perferendis similique aut voluptatum quam tempore. Ut nemo velit minima tempora. Quia eum voluptatem velit nam nemo eos excepturi. Possimus quia exercitationem et deleniti tempore fugiat.', 5, 823, 11, '2018-02-21 11:39:34', '2018-02-21 11:39:34'),
(101, 'ab', 'Sit aut tempore eligendi adipisci pariatur consequatur perferendis veritatis. Dolor aut beatae qui enim voluptas et odio. Ullam ut iste quia possimus.', 5, 610, 29, '2018-02-21 11:40:56', '2018-02-21 11:40:56'),
(102, 'et', 'Corporis nulla id quasi molestiae et. Et ut libero iste esse at aut incidunt. Vero eligendi velit quo id numquam. Sed rem deserunt delectus voluptatum.', 3, 897, 3, '2018-02-21 11:40:56', '2018-02-21 11:40:56'),
(103, 'labore', 'Autem at voluptas cum et qui distinctio. Veritatis nisi tempore quaerat totam vel quibusdam. In nihil nesciunt velit provident commodi. Non aut voluptas ratione quisquam voluptas delectus qui.', 9, 906, 2, '2018-02-21 11:40:56', '2018-02-21 11:40:56'),
(104, 'aut', 'Maiores quis non dolores dolore architecto et incidunt et. Officia deleniti quasi facere officiis. Molestias delectus rem sunt sequi ut nostrum.', 4, 670, 9, '2018-02-21 11:40:56', '2018-02-21 11:40:56'),
(105, 'ut', 'Voluptates aliquid nam quisquam quos incidunt. Maiores aut officia nulla cupiditate quis eum illum. Soluta quae vitae debitis.', 0, 116, 11, '2018-02-21 11:40:56', '2018-02-21 11:40:56'),
(106, 'qui', 'Error suscipit et deserunt. Sit corrupti dolorem ullam necessitatibus. Sunt aut molestiae dolorum consequatur asperiores illo consequuntur.', 5, 902, 22, '2018-02-21 11:40:56', '2018-02-21 11:40:56'),
(107, 'suscipit', 'Molestiae aut et fugiat delectus suscipit aut. Placeat beatae exercitationem aut fugiat. Et autem beatae quam laboriosam at voluptatibus harum tempore.', 9, 161, 2, '2018-02-21 11:40:56', '2018-02-21 11:40:56'),
(108, 'quidem', 'Tempore et repudiandae consequuntur et. Molestiae qui natus dignissimos quas illo. Quo sit omnis beatae repudiandae tempora veniam labore. Molestiae laudantium autem accusantium. Tenetur iure et et.', 3, 770, 10, '2018-02-21 11:40:56', '2018-02-21 11:40:56'),
(109, 'autem', 'Ipsum dignissimos vel totam dolore. Corporis aut dolores possimus et temporibus ut nemo consequuntur. Reprehenderit quia minus voluptas nam cumque incidunt.', 0, 254, 4, '2018-02-21 11:40:56', '2018-02-21 11:40:56'),
(110, 'eos', 'A autem omnis dolorem est. Sit ipsam aperiam sunt iure saepe nostrum minus. Hic dolor quia aliquid necessitatibus. Aspernatur saepe saepe possimus nobis dolorem.', 1, 977, 2, '2018-02-21 11:40:56', '2018-02-21 11:40:56'),
(111, 'aliquam', 'Facilis eius id repellendus cum consequatur eligendi. Dolor officiis qui iusto consequatur aut voluptas. Odit libero illum et. Earum in maiores consequatur rem porro.', 4, 493, 6, '2018-02-21 11:40:56', '2018-02-21 11:40:56'),
(112, 'quis', 'Blanditiis voluptatem repudiandae omnis fugit itaque. Nihil et labore aut omnis eveniet. Sapiente voluptatem iusto dignissimos qui sunt repudiandae.', 8, 762, 6, '2018-02-21 11:40:56', '2018-02-21 11:40:56'),
(113, 'deleniti', 'Assumenda ea magni magnam autem impedit totam nemo. Esse laborum quasi quae voluptatem inventore et. Accusantium reprehenderit est ratione corporis magni.', 6, 344, 19, '2018-02-21 11:40:56', '2018-02-21 11:40:56'),
(114, 'dicta', 'Excepturi beatae blanditiis officia eius. Dolores eos et magni fuga autem molestias. Et blanditiis illo facilis aliquid qui nihil voluptatem.', 1, 983, 25, '2018-02-21 11:40:56', '2018-02-21 11:40:56'),
(115, 'qui', 'Vitae vero qui harum aliquid similique qui. Commodi et laudantium non eos blanditiis. Aut illo aut distinctio.', 7, 358, 27, '2018-02-21 11:40:56', '2018-02-21 11:40:56'),
(116, 'officia', 'Et at aspernatur consequatur labore et optio aut saepe. Animi eum enim impedit dolorem at inventore. Corrupti modi commodi voluptatum fuga consequatur.', 0, 545, 22, '2018-02-21 11:40:56', '2018-02-21 11:40:56'),
(117, 'unde', 'Recusandae inventore illum itaque veritatis aut. Sapiente velit aliquam incidunt delectus repellat laborum.', 1, 812, 27, '2018-02-21 11:40:56', '2018-02-21 11:40:56'),
(118, 'voluptatibus', 'Ut ab ut ipsa a debitis quis. Odio quia aspernatur alias eaque velit voluptatibus necessitatibus unde. Mollitia aliquam magni voluptas et.', 5, 988, 30, '2018-02-21 11:40:56', '2018-02-21 11:40:56'),
(119, 'explicabo', 'Modi saepe id est ut tempore quod eaque non. Rerum culpa reiciendis ab recusandae aut cum voluptate. Doloremque velit aliquid provident vitae delectus numquam.', 5, 324, 26, '2018-02-21 11:40:56', '2018-02-21 11:40:56'),
(120, 'eaque', 'Excepturi adipisci consequatur numquam. Quis animi aut et distinctio esse. Est eligendi dolorum illo veniam. Explicabo aliquid est ducimus et est fuga.', 5, 222, 22, '2018-02-21 11:40:56', '2018-02-21 11:40:56'),
(121, 'explicabo', 'Rerum dignissimos voluptatem voluptas fugiat. Aut rem dolores ut rem consequatur quia non. Beatae voluptatum omnis rerum ex harum eum et iste. Omnis omnis sed ut inventore expedita autem unde perspiciatis.', 9, 156, 24, '2018-02-21 11:40:56', '2018-02-21 11:40:56'),
(122, 'unde', 'Modi magni sed tempora dolor non sed. Ullam repellat ut ea modi magnam odio. Itaque assumenda consectetur cum et nemo perferendis eum.', 4, 930, 11, '2018-02-21 11:40:56', '2018-02-21 11:40:56'),
(123, 'mollitia', 'Expedita repudiandae dolorem ut voluptatem dolorem optio aut. Asperiores repellendus assumenda alias. Et ab fugiat illum dolores et ipsam tempora.', 8, 868, 18, '2018-02-21 11:40:56', '2018-02-21 11:40:56'),
(124, 'exercitationem', 'Non labore est totam incidunt fugiat. Id corrupti nisi cum facilis et ea. Ea labore et sit a nobis at aut.', 6, 962, 3, '2018-02-21 11:40:56', '2018-02-21 11:40:56'),
(125, 'doloribus', 'Mollitia ab velit ipsam rerum temporibus ut. Maxime dolor quasi ut fuga. Et distinctio id ipsum consequatur fugiat sed ipsam.', 0, 812, 29, '2018-02-21 11:40:56', '2018-02-21 11:40:56'),
(126, 'vel', 'Ut sit eligendi non. Vitae alias asperiores omnis deleniti est porro placeat adipisci. Explicabo quo ipsa incidunt ut optio placeat et omnis.', 8, 351, 5, '2018-02-21 11:40:56', '2018-02-21 11:40:56'),
(127, 'odio', 'Perferendis reiciendis molestias vero fugit sed. Cum et ut deleniti aperiam nihil voluptatem. Cupiditate ullam omnis sapiente blanditiis cum. Provident veritatis ipsum ducimus id quis voluptatem aut.', 9, 244, 26, '2018-02-21 11:40:56', '2018-02-21 11:40:56'),
(128, 'adipisci', 'Eos distinctio iusto modi quod voluptatem facilis in. Aut nostrum reprehenderit iste eaque. Temporibus blanditiis rerum commodi quam. Nam quia adipisci inventore et corrupti eius.', 3, 931, 2, '2018-02-21 11:40:56', '2018-02-21 11:40:56'),
(129, 'rerum', 'Assumenda aut eaque quis. Quibusdam rerum eos debitis sed cumque ullam ad. Quibusdam similique laudantium autem.', 4, 839, 5, '2018-02-21 11:40:56', '2018-02-21 11:40:56'),
(130, 'voluptatem', 'Inventore est blanditiis minima quae illum rerum hic. Eos enim placeat pariatur ut deleniti nostrum et. Et unde error aliquid alias.', 9, 563, 28, '2018-02-21 11:40:56', '2018-02-21 11:40:56'),
(131, 'aut', 'Exercitationem rerum magnam est laborum. Est qui laboriosam nihil nobis eaque numquam. Nemo et dignissimos et magnam rerum.', 0, 996, 28, '2018-02-21 11:40:56', '2018-02-21 11:40:56'),
(132, 'nulla', 'Excepturi officia unde et impedit. Et corrupti sint illum assumenda modi nobis eligendi sit. Hic doloribus et quis. Voluptatibus eius est autem nihil. Fuga quos provident optio occaecati.', 8, 744, 12, '2018-02-21 11:40:56', '2018-02-21 11:40:56'),
(133, 'architecto', 'Quia similique soluta deleniti et ab. Minima quia repudiandae aliquam ducimus dolorem voluptas illum. Eaque ipsa odit doloribus dolorem illum.', 7, 262, 28, '2018-02-21 11:40:56', '2018-02-21 11:40:56'),
(134, 'blanditiis', 'Reprehenderit pariatur sit reiciendis nisi vel repellendus fugit cupiditate. Nemo quia autem sequi sint. Aspernatur labore qui eum ea perspiciatis. Voluptas error quisquam minima quis voluptas rerum.', 1, 401, 18, '2018-02-21 11:40:56', '2018-02-21 11:40:56'),
(135, 'nihil', 'Occaecati quos dignissimos tenetur at sapiente eveniet. Nihil voluptatem ea et et totam pariatur. Aut iste numquam quia repellat vel.', 8, 131, 27, '2018-02-21 11:40:56', '2018-02-21 11:40:56'),
(136, 'fugiat', 'Voluptatem sapiente ut minus nemo sit molestiae quia. Quas sint dicta inventore et vero mollitia. Ut fuga rem sit voluptatibus in ratione non sint. Inventore ad veritatis aut praesentium beatae amet dolor.', 0, 854, 20, '2018-02-21 11:40:56', '2018-02-21 11:40:56'),
(137, 'eligendi', 'Non voluptas sit velit quibusdam et voluptatum officia quis. Est ut assumenda nesciunt qui. Et et accusamus quibusdam iusto.', 2, 805, 4, '2018-02-21 11:40:56', '2018-02-21 11:40:56'),
(138, 'et', 'Eos architecto dolore facere a. Repudiandae molestiae libero consectetur aliquam sit. Amet quam molestiae ut quae voluptas. Itaque ab iure quia quaerat.', 7, 576, 11, '2018-02-21 11:40:56', '2018-02-21 11:40:56'),
(139, 'facilis', 'Nobis atque ratione facere autem magni minima. Dicta natus cumque minima magnam.', 6, 505, 16, '2018-02-21 11:40:56', '2018-02-21 11:40:56'),
(140, 'velit', 'Veniam atque alias sint odit veritatis assumenda. Tempore cumque molestias voluptatem quos dolor distinctio sint omnis. Porro nostrum nobis sunt commodi.', 3, 811, 7, '2018-02-21 11:40:56', '2018-02-21 11:40:56'),
(141, 'eligendi', 'Ducimus est impedit qui cum. Est accusantium quibusdam possimus aperiam corrupti. Dolor odio explicabo commodi tenetur qui doloribus. Tempora iusto inventore distinctio soluta minus quas.', 1, 774, 28, '2018-02-21 11:40:56', '2018-02-21 11:40:56'),
(142, 'maxime', 'Et exercitationem occaecati repudiandae eveniet. Voluptas aut ipsum pariatur consequatur magnam. Ut vel ut asperiores. Omnis perspiciatis aliquid fuga blanditiis voluptate dolor quod. Consectetur placeat qui quia nihil qui eos id rerum.', 7, 944, 11, '2018-02-21 11:40:56', '2018-02-21 11:40:56'),
(143, 'est', 'Voluptatum qui omnis ut repellendus quo placeat quia. Ab ipsam deserunt quisquam repudiandae architecto fugit aut. Dolores et ea suscipit et expedita distinctio.', 8, 569, 13, '2018-02-21 11:40:56', '2018-02-21 11:40:56'),
(144, 'aliquam', 'Ut nisi perspiciatis blanditiis. Aspernatur voluptatem ut aut ut. Aut deserunt et autem modi et quos est cum. Quam at voluptatum quis corporis non.', 1, 611, 13, '2018-02-21 11:40:56', '2018-02-21 11:40:56'),
(145, 'nihil', 'Nihil dolore qui illum natus sapiente. Id omnis debitis libero et quia omnis exercitationem. Qui ea labore et et aut sapiente nulla.', 4, 418, 7, '2018-02-21 11:40:56', '2018-02-21 11:40:56'),
(146, 'eligendi', 'Totam nihil ab odio quos ea quos. Sint ut delectus tempore quos voluptatem quo. Deserunt veritatis iure nisi nihil sed.', 4, 458, 23, '2018-02-21 11:40:56', '2018-02-21 11:40:56'),
(147, 'assumenda', 'Ut porro ut consequuntur dolore. Sed non quos natus iste in. Neque itaque voluptatibus iusto dolor possimus suscipit. Omnis qui voluptas ut nesciunt velit iste delectus.', 0, 926, 16, '2018-02-21 11:40:56', '2018-02-21 11:40:56'),
(148, 'dicta', 'Qui quia libero rem voluptatem accusamus. Possimus quae enim ab et sunt odit et. Voluptate occaecati sed in asperiores. Enim dolor aut eos officia ullam sit minima voluptas.', 9, 592, 22, '2018-02-21 11:40:56', '2018-02-21 11:40:56'),
(149, 'ab', 'Quis error laboriosam quia non qui. Omnis nihil est sunt non ipsum animi qui. Vel est id nemo dolores facere temporibus id.', 0, 716, 3, '2018-02-21 11:40:56', '2018-02-21 11:40:56'),
(150, 'atque', 'Praesentium illo qui earum id provident saepe ipsum. Voluptatibus nam eligendi inventore mollitia excepturi. Eligendi beatae voluptatem eum reprehenderit inventore temporibus. Non voluptatum est voluptatem non nostrum est.', 4, 108, 24, '2018-02-21 11:40:56', '2018-02-21 11:40:56'),
(151, 'et', 'Incidunt laudantium laborum saepe sunt non enim ullam soluta. Veniam recusandae quisquam facilis vitae enim optio eaque. Ratione ut rerum ducimus amet alias et. Facere explicabo atque fugiat quam saepe.', 6, 621, 16, '2018-02-21 11:42:18', '2018-02-21 11:42:18'),
(152, 'eum', 'Temporibus numquam pariatur eos. Est dolor quibusdam culpa eum modi quia dignissimos.', 8, 687, 10, '2018-02-21 11:42:18', '2018-02-21 11:42:18'),
(153, 'quo', 'Labore doloremque voluptatem quas quam et nemo iure. Unde voluptatem ad necessitatibus sint molestiae dolore neque. Molestias qui dolorem voluptate eos enim hic. Autem voluptatem eum et iste.', 0, 820, 30, '2018-02-21 11:42:18', '2018-02-21 11:42:18'),
(154, 'fugit', 'Quis eius id omnis nesciunt distinctio qui ea. Architecto voluptas doloremque quam quia quam nihil. Non molestiae enim eum consequatur earum qui. Id laboriosam et voluptas ut.', 2, 902, 7, '2018-02-21 11:42:18', '2018-02-21 11:42:18'),
(155, 'est', 'Hic quia doloribus qui quam vero aut quasi. Ut consequatur sit nisi error consequatur at. Expedita pariatur error vero est cupiditate.', 6, 447, 12, '2018-02-21 11:42:18', '2018-02-21 11:42:18'),
(156, 'aut', 'Magni necessitatibus amet et ipsam voluptatem sunt perferendis. Velit magni inventore repellat aperiam. Molestias sed eum voluptate quaerat labore minus.', 8, 775, 5, '2018-02-21 11:42:18', '2018-02-21 11:42:18'),
(157, 'unde', 'Omnis quia autem eveniet qui veniam ratione. Saepe vero quaerat et expedita dolores quo dolorem. Et nihil molestiae aperiam vitae molestiae. Quas qui esse consequatur est rerum. Voluptatibus magnam voluptatem et non voluptatem soluta.', 8, 894, 2, '2018-02-21 11:42:18', '2018-02-21 11:42:18'),
(158, 'et', 'Omnis totam accusamus omnis. Et tenetur adipisci odit. Aspernatur sunt consequuntur sed occaecati. Nisi provident et eum.', 9, 190, 5, '2018-02-21 11:42:18', '2018-02-21 11:42:18'),
(159, 'autem', 'Culpa maiores at corporis. Maxime veritatis et quod repellat minima. Modi a repellat omnis sunt sint accusantium. Qui est iure id ipsam distinctio qui quia.', 3, 776, 14, '2018-02-21 11:42:18', '2018-02-21 11:42:18'),
(160, 'excepturi', 'Architecto libero possimus quo voluptates perferendis repudiandae. Blanditiis sed perferendis error veritatis corrupti fugit. Voluptas est aliquam est consequatur eaque iusto. Ea ea sit blanditiis earum distinctio perspiciatis quia.', 4, 565, 8, '2018-02-21 11:42:18', '2018-02-21 11:42:18'),
(161, 'exercitationem', 'Odit similique quis dolorem corporis est. Qui reiciendis cum dolores beatae omnis laudantium. Soluta inventore autem necessitatibus quia nulla quaerat architecto. Dignissimos ea et dolores itaque.', 3, 523, 25, '2018-02-21 11:42:18', '2018-02-21 11:42:18'),
(162, 'ut', 'Et unde voluptatem earum inventore a esse corporis. Id hic soluta non impedit dolorum. Quas sint nihil sit soluta ut dignissimos est. Quis saepe ea nisi dolorem.', 6, 747, 4, '2018-02-21 11:42:18', '2018-02-21 11:42:18'),
(163, 'voluptates', 'Vel aut et minima corrupti consequatur et alias. Voluptate aut est minus dolor sit nostrum. Et quia cumque animi id.', 5, 451, 3, '2018-02-21 11:42:18', '2018-02-21 11:42:18'),
(164, 'quis', 'Quo aut beatae eos minus. Quibusdam et vitae dignissimos occaecati earum. Est et repudiandae maxime.', 4, 643, 10, '2018-02-21 11:42:18', '2018-02-21 11:42:18'),
(165, 'ut', 'Aut voluptatum tempore qui eos ut. Et alias sunt ab qui hic officiis quisquam. Minus id quo dolorem. Labore voluptatem perferendis in accusantium consequatur itaque.', 7, 810, 17, '2018-02-21 11:42:18', '2018-02-21 11:42:18'),
(166, 'occaecati', 'Praesentium vitae saepe ea occaecati laborum culpa saepe dolorem. Quia et quia adipisci modi inventore.', 4, 871, 12, '2018-02-21 11:42:18', '2018-02-21 11:42:18'),
(167, 'eum', 'Est deserunt voluptatem est quibusdam omnis sed. Dolores aliquam sapiente est ea. Veniam quibusdam quidem animi et non vero.', 5, 437, 25, '2018-02-21 11:42:18', '2018-02-21 11:42:18'),
(168, 'iste', 'Dolor illo in beatae vel. Impedit omnis ut dolorum repellat voluptatem voluptas. Eaque in suscipit aliquam a qui earum beatae eaque.', 5, 406, 26, '2018-02-21 11:42:18', '2018-02-21 11:42:18'),
(169, 'ut', 'Magnam doloremque cumque corrupti illum dolore. Cupiditate inventore ut ex molestias et enim et. Quidem atque est in. Numquam unde nesciunt molestiae tenetur ipsam.', 3, 607, 8, '2018-02-21 11:42:18', '2018-02-21 11:42:18'),
(170, 'autem', 'Qui porro perferendis placeat et. Eos in illo voluptatem perferendis iure vero. Libero est qui dolor. Occaecati sint ad nesciunt.', 8, 896, 17, '2018-02-21 11:42:18', '2018-02-21 11:42:18'),
(171, 'est', 'Porro qui odit suscipit id. Consequatur ipsam ex alias quia labore neque vero sed. Consequuntur deserunt in ullam ut sed perspiciatis. Quaerat error sequi facilis nisi vero magnam.', 1, 349, 13, '2018-02-21 11:42:18', '2018-02-21 11:42:18'),
(172, 'expedita', 'Inventore nihil aliquam vitae consequuntur molestiae. Rerum iusto soluta ullam animi. Perspiciatis corrupti aliquid adipisci placeat. Temporibus dolor error eaque doloremque. Nesciunt repellat ipsam ut molestiae excepturi nihil.', 7, 865, 27, '2018-02-21 11:42:18', '2018-02-21 11:42:18'),
(173, 'itaque', 'Nostrum dolor rem sint quod consequatur nemo laborum. Autem molestiae maiores nihil molestiae consequatur sint officiis sequi. Mollitia commodi sint consectetur asperiores dolorem dolor non.', 4, 497, 5, '2018-02-21 11:42:18', '2018-02-21 11:42:18'),
(174, 'consectetur', 'In est dolorum aut ex. Impedit quasi sed facilis dicta sit velit pariatur. Odit dignissimos ipsa dolorem dolorem ullam accusamus rerum rerum.', 3, 411, 24, '2018-02-21 11:42:18', '2018-02-21 11:42:18'),
(175, 'nesciunt', 'Qui consequuntur nisi numquam. In autem odio perspiciatis minima. Modi at est accusantium laboriosam aut dolores veritatis.', 5, 508, 22, '2018-02-21 11:42:18', '2018-02-21 11:42:18'),
(176, 'repellendus', 'Eveniet eos quod perferendis maiores sed nostrum. Porro amet quia sed praesentium ut doloremque quo. Esse sunt porro nemo. Suscipit reiciendis in corporis ad laudantium.', 6, 671, 16, '2018-02-21 11:42:18', '2018-02-21 11:42:18'),
(177, 'voluptas', 'Quibusdam voluptatem quis qui sunt et dolorem corporis. Dolor recusandae sunt et sit ut consectetur quia. Consectetur quidem fugiat dolorem nihil fugiat. Dolorum et accusantium illum aut voluptas tempore.', 1, 212, 24, '2018-02-21 11:42:18', '2018-02-21 11:42:18'),
(178, 'accusantium', 'Vitae voluptatem consectetur aut nemo et. Ex voluptatem distinctio et officiis soluta eius. Molestias rem laboriosam blanditiis ea necessitatibus natus consequatur rerum. Ullam sit enim ad sequi reiciendis tempore dolorem.', 3, 776, 23, '2018-02-21 11:42:18', '2018-02-21 11:42:18'),
(179, 'quisquam', 'Nam quae aliquid id molestias id. Iste molestiae eos excepturi reiciendis accusantium voluptatum est. Nulla vitae deleniti laboriosam nihil illo non eaque. Est quis sed tempora asperiores.', 7, 424, 6, '2018-02-21 11:42:18', '2018-02-21 11:42:18'),
(180, 'non', 'Ipsa et cumque ut voluptas tenetur. Cumque eos quia illum modi suscipit corporis sint. Qui sed vero illum delectus impedit dolorem. Ab ipsum voluptas ad qui.', 4, 391, 22, '2018-02-21 11:42:18', '2018-02-21 11:42:18'),
(181, 'est', 'Nihil id omnis modi fugit. Id velit rerum commodi ullam odio iure voluptas. Numquam occaecati eum magnam iure. Tempore alias quia quia vel.', 8, 484, 26, '2018-02-21 11:42:18', '2018-02-21 11:42:18'),
(182, 'itaque', 'Blanditiis suscipit mollitia sunt doloremque laudantium quia ut doloribus. Provident facere aut at expedita sapiente non. Iste odit earum error non libero facilis quaerat. Excepturi quis in ut eius quidem id.', 6, 655, 8, '2018-02-21 11:42:18', '2018-02-21 11:42:18'),
(183, 'hic', 'Eius debitis modi nemo eos. Unde enim impedit maxime qui non vitae voluptas. Animi nam eum laboriosam qui omnis voluptate atque vitae.', 8, 676, 22, '2018-02-21 11:42:18', '2018-02-21 11:42:18'),
(184, 'sint', 'Veniam non sed libero harum minus necessitatibus aut eaque. Eum enim saepe iusto esse sed. Repellat ducimus non quidem cupiditate aut dolorem.', 1, 943, 17, '2018-02-21 11:42:18', '2018-02-21 11:42:18'),
(185, 'expedita', 'Doloremque repellendus quia ea dolores incidunt. Rerum maiores vel ad similique laboriosam. Delectus porro voluptas est. Omnis consequatur praesentium in deleniti eos totam rerum.', 3, 168, 20, '2018-02-21 11:42:18', '2018-02-21 11:42:18'),
(186, 'nam', 'Et quia sunt est exercitationem vel aspernatur et ducimus. Quod omnis asperiores perspiciatis doloribus. Aperiam voluptates ipsam molestiae error. Qui asperiores totam quas consequatur.', 8, 688, 29, '2018-02-21 11:42:18', '2018-02-21 11:42:18'),
(187, 'occaecati', 'Animi soluta sit voluptate dolor aut maiores. Iste repudiandae vitae quaerat quod necessitatibus rerum aliquam. Et reprehenderit ipsam ad saepe doloremque.', 8, 921, 8, '2018-02-21 11:42:18', '2018-02-21 11:42:18'),
(188, 'facilis', 'Sit quae quisquam pariatur consectetur consequuntur. Ullam dolorem ex doloribus laborum voluptas perspiciatis dolores. Inventore quis amet et eos.', 9, 315, 19, '2018-02-21 11:42:18', '2018-02-21 11:42:18'),
(189, 'quia', 'Placeat at est qui est. Ullam ut necessitatibus vel voluptatem incidunt voluptates optio. Facere quos molestiae assumenda laboriosam qui dolor ad. Tenetur perspiciatis in voluptas. Iste fugit et esse hic molestiae dolorem illo.', 5, 694, 19, '2018-02-21 11:42:18', '2018-02-21 11:42:18'),
(190, 'aspernatur', 'Dolore officiis dolorem expedita sequi enim ipsum asperiores. Ut nesciunt repellat neque labore numquam qui. Dicta aliquid laboriosam qui totam. Non omnis incidunt nulla enim.', 1, 982, 22, '2018-02-21 11:42:18', '2018-02-21 11:42:18'),
(191, 'magnam', 'Consectetur ea ad ea. Deleniti eum dolorum tempore autem et similique. Est corporis inventore dicta. Eum labore sunt blanditiis voluptatem sed culpa quis eaque.', 3, 593, 15, '2018-02-21 11:42:18', '2018-02-21 11:42:18'),
(192, 'dolor', 'Occaecati quis atque excepturi dolores magni qui rerum. Ut incidunt dolorem dicta iste et. Voluptates accusantium aliquid provident asperiores voluptate ad expedita.', 2, 871, 5, '2018-02-21 11:42:18', '2018-02-21 11:42:18'),
(193, 'libero', 'Tempore dolore voluptatum nobis fugit aliquid et. Nobis unde dolorem quidem totam ratione. Est aut numquam placeat ipsam aut.', 5, 798, 16, '2018-02-21 11:42:18', '2018-02-21 11:42:18'),
(194, 'ut', 'Numquam rerum dolorem enim hic. Consectetur veniam incidunt sed quod. Perspiciatis laborum dolores aperiam. Optio labore qui velit enim iusto.', 4, 973, 12, '2018-02-21 11:42:18', '2018-02-21 11:42:18'),
(195, 'fuga', 'Ut necessitatibus ipsam nam qui. Perferendis ut et dolorum beatae. Aut non asperiores in quis aut id et ea. Atque vero facilis deserunt quod ad temporibus officiis aut.', 1, 451, 25, '2018-02-21 11:42:18', '2018-02-21 11:42:18'),
(196, 'quis', 'Voluptatibus ab labore numquam. Dignissimos ea et non.', 8, 360, 3, '2018-02-21 11:42:18', '2018-02-21 11:42:18'),
(197, 'itaque', 'Alias molestiae expedita totam accusantium accusantium maxime. Aut eum maxime pariatur provident. Rem molestias ipsum aliquam repudiandae adipisci ut. Molestiae vero a ea consequatur quibusdam et animi expedita. Quibusdam enim odit repellendus.', 6, 715, 11, '2018-02-21 11:42:18', '2018-02-21 11:42:18'),
(198, 'illum', 'Corrupti quis et aut assumenda aliquam totam. Et sunt quia quis eum voluptates consectetur ea ratione. Est libero consequuntur et quo dignissimos deleniti quia.', 9, 726, 13, '2018-02-21 11:42:18', '2018-02-21 11:42:18'),
(199, 'dolor', 'Eveniet eum expedita omnis voluptatum sunt voluptates. Dolorem et fuga voluptatem. Cupiditate et eaque est magnam ad. Eligendi sed non alias. Asperiores libero iure molestiae vel est fuga voluptas.', 6, 568, 16, '2018-02-21 11:42:18', '2018-02-21 11:42:18'),
(200, 'magnam', 'Placeat ratione omnis commodi laboriosam quos aspernatur unde. Iure exercitationem blanditiis voluptatibus aliquam nihil. Voluptatem ratione libero eaque ipsam magni natus laborum. Cumque aut repudiandae quam quo nesciunt.', 3, 203, 9, '2018-02-21 11:42:18', '2018-02-21 11:42:18'),
(201, 'iusto', 'Adipisci dolorum odio qui cumque rerum perspiciatis. Distinctio beatae aut fugiat et eaque ut. Aliquam expedita ipsum illo itaque sint necessitatibus. Magnam voluptatem facere aperiam consequuntur est.', 6, 658, 19, '2018-02-21 11:44:04', '2018-02-21 11:44:04'),
(202, 'dolore', 'Similique veniam officiis asperiores qui reiciendis et. Consectetur sint voluptatem illo pariatur quia eaque. Accusamus sit debitis sed quisquam. Et voluptatibus explicabo placeat eum accusamus perferendis ex quasi.', 4, 468, 2, '2018-02-21 11:44:04', '2018-02-21 11:44:04'),
(203, 'quae', 'Sed voluptatem vel sint. Sit dolor accusamus ut sunt itaque magni. Dolores nihil suscipit qui aut optio qui.', 9, 910, 4, '2018-02-21 11:44:04', '2018-02-21 11:44:04'),
(204, 'sequi', 'Laudantium minima fuga vel ut ut eveniet. Omnis adipisci et est est. Eius quas nemo unde rerum.', 0, 918, 6, '2018-02-21 11:44:04', '2018-02-21 11:44:04'),
(205, 'repudiandae', 'Nemo placeat consequatur vel mollitia dignissimos quia sit tempora. Sint earum voluptas perspiciatis distinctio omnis. Sit non exercitationem molestiae aspernatur quod fugiat a.', 4, 168, 28, '2018-02-21 11:44:04', '2018-02-21 11:44:04'),
(206, 'in', 'Quidem nihil et saepe nam et quibusdam. Doloremque eius ut nam quo optio voluptatem ut. Sint error sed et eligendi accusantium esse. Sit quod deserunt rerum ut mollitia officiis.', 8, 985, 16, '2018-02-21 11:44:04', '2018-02-21 11:44:04'),
(207, 'illum', 'Sint qui cum tempore sed distinctio libero. Quidem voluptatem non quod animi laboriosam. Beatae laudantium unde dolorum sed totam. Nisi accusantium consequatur quod perferendis molestias.', 8, 264, 10, '2018-02-21 11:44:04', '2018-02-21 11:44:04'),
(208, 'quo', 'Repellendus repellendus tenetur sunt et voluptatem. Et quam molestias dignissimos. Doloremque dignissimos odit totam provident asperiores. Nihil sed tempora blanditiis.', 9, 224, 9, '2018-02-21 11:44:04', '2018-02-21 11:44:04'),
(209, 'ut', 'Eos qui ea error aut. Voluptas odit hic in vel ratione aliquam totam. Laborum consectetur aspernatur aut cumque fugiat. Recusandae omnis quia et totam eveniet omnis.', 0, 966, 7, '2018-02-21 11:44:04', '2018-02-21 11:44:04'),
(210, 'praesentium', 'Aut dolorem necessitatibus voluptas repellendus assumenda blanditiis et eum. Corrupti optio reprehenderit distinctio odio rem. Qui ut quam fuga laudantium animi sed dolorem. Aut eos ut inventore similique aut quam.', 6, 783, 29, '2018-02-21 11:44:04', '2018-02-21 11:44:04'),
(211, 'accusamus', 'Numquam reprehenderit porro consectetur unde qui. Quia delectus sunt blanditiis est nisi. Dolores qui qui consequatur deleniti rerum enim iusto nesciunt.', 4, 873, 15, '2018-02-21 11:44:04', '2018-02-21 11:44:04'),
(212, 'maxime', 'Aut ipsa sit iusto autem. Qui quibusdam corrupti voluptatem iste natus. Libero ipsam maxime repellat ullam nesciunt non. Est explicabo quibusdam nisi cum error doloremque.', 6, 559, 13, '2018-02-21 11:44:04', '2018-02-21 11:44:04'),
(213, 'cupiditate', 'Ratione rerum culpa ut voluptate eos. Eos pariatur aut porro tenetur. Quam distinctio qui aut quod possimus velit quos numquam.', 8, 156, 12, '2018-02-21 11:44:04', '2018-02-21 11:44:04'),
(214, 'natus', 'Porro at necessitatibus non consequatur. Officiis doloribus corporis non. Est rerum unde repellat rerum officiis sunt. Doloremque aut esse et facere veniam.', 3, 714, 4, '2018-02-21 11:44:04', '2018-02-21 11:44:04');
INSERT INTO `products` (`id`, `name`, `detail`, `stock`, `price`, `discount`, `created_at`, `updated_at`) VALUES
(215, 'perferendis', 'Qui expedita ad officia expedita. Deserunt ullam maxime provident necessitatibus. Est sit incidunt corporis blanditiis maxime sit laudantium. Asperiores eveniet qui vero qui excepturi.', 3, 812, 7, '2018-02-21 11:44:04', '2018-02-21 11:44:04'),
(216, 'fugiat', 'Perspiciatis placeat voluptatum possimus eaque dolores. Maxime aspernatur voluptas amet et iste nisi. Sunt maxime et natus voluptas. Velit neque deleniti quam et magni veniam sit.', 9, 966, 19, '2018-02-21 11:44:04', '2018-02-21 11:44:04'),
(217, 'maiores', 'Laborum impedit facilis atque corrupti corporis est. Deserunt consequatur voluptatem voluptatem sit voluptatem tenetur.', 9, 226, 16, '2018-02-21 11:44:04', '2018-02-21 11:44:04'),
(218, 'facere', 'Modi ut ea eligendi reiciendis. Hic ab omnis tempore sit. Dolorum natus autem sit cum atque quibusdam perferendis. Labore ipsa dolorem velit error qui et animi.', 5, 669, 20, '2018-02-21 11:44:04', '2018-02-21 11:44:04'),
(219, 'mollitia', 'Ex sint error iusto et. Et aut et rerum itaque sed eaque inventore eveniet. Rerum totam consectetur cumque voluptatem.', 2, 228, 24, '2018-02-21 11:44:04', '2018-02-21 11:44:04'),
(220, 'accusamus', 'Aut aliquam quas culpa nam impedit. Laborum sint cupiditate tempora ab. Expedita quia in molestiae expedita aut.', 4, 681, 13, '2018-02-21 11:44:04', '2018-02-21 11:44:04'),
(221, 'ratione', 'Non est et voluptas soluta totam. Voluptatem voluptatem modi quia nobis a alias eius alias.', 2, 774, 13, '2018-02-21 11:44:04', '2018-02-21 11:44:04'),
(222, 'tempora', 'Doloremque dolorem dolorum alias quae ea quo. Et tempore voluptate quae dicta unde qui hic. Commodi hic quisquam mollitia quas. Est repellendus dolor est facere ad.', 1, 721, 14, '2018-02-21 11:44:04', '2018-02-21 11:44:04'),
(223, 'dolore', 'Provident doloribus provident consectetur incidunt id. Est quaerat sit at quae deleniti consequatur sint eligendi. Et quae est voluptatibus nesciunt ipsam.', 8, 792, 10, '2018-02-21 11:44:04', '2018-02-21 11:44:04'),
(224, 'repellat', 'Cum iste molestiae accusamus sit suscipit voluptas consequatur culpa. Quia unde quam sed aut. Recusandae corporis est libero perspiciatis id. Voluptatem quod eos quia qui officia reprehenderit aliquid omnis.', 3, 179, 7, '2018-02-21 11:44:04', '2018-02-21 11:44:04'),
(225, 'soluta', 'Rerum dolore eos officiis velit quis sed. Vitae rerum ipsum dolorem culpa nam quia architecto. Iure dolorem blanditiis labore nihil accusamus. Libero quas impedit dolores mollitia laboriosam eaque autem.', 0, 442, 12, '2018-02-21 11:44:04', '2018-02-21 11:44:04'),
(226, 'officia', 'Soluta sunt amet nulla deleniti nostrum. Amet aut ut pariatur dolor vel. Reprehenderit aut perspiciatis illo veniam perspiciatis quod. Magni et provident incidunt similique soluta aut.', 5, 342, 2, '2018-02-21 11:44:04', '2018-02-21 11:44:04'),
(227, 'dolorem', 'Laudantium aut autem ex cupiditate sit vero ea. Eos ab voluptatibus minima. Dolore placeat odit vel corrupti atque qui odio. Nihil quis incidunt dolor corrupti sint consequatur porro.', 9, 811, 4, '2018-02-21 11:44:04', '2018-02-21 11:44:04'),
(228, 'distinctio', 'Alias nemo officia est sed. Aut iusto officiis nesciunt iusto molestiae voluptas. Et asperiores distinctio omnis cumque repudiandae temporibus. Sint culpa omnis ut dolor.', 8, 217, 21, '2018-02-21 11:44:04', '2018-02-21 11:44:04'),
(229, 'laudantium', 'Tempore a accusamus enim modi. Ut et repudiandae dolor voluptatum. Quo assumenda eos ut accusamus. In veniam harum aliquid.', 5, 671, 28, '2018-02-21 11:44:04', '2018-02-21 11:44:04'),
(230, 'voluptatem', 'Incidunt ut ab dolorem. Veniam ea beatae aliquam exercitationem beatae iure consequuntur eum. Provident nisi eligendi corporis.', 9, 458, 21, '2018-02-21 11:44:04', '2018-02-21 11:44:04'),
(231, 'eum', 'Blanditiis ab molestias et quis ut ratione. Ut perferendis in eos et. Neque id est autem et vitae quas. Aliquid quisquam velit fugit corrupti.', 1, 810, 14, '2018-02-21 11:44:04', '2018-02-21 11:44:04'),
(232, 'veniam', 'Quis itaque at vero mollitia eaque tempore aut. Necessitatibus repudiandae repellendus at nihil ab. Et totam non ut nihil nihil corporis ut. Perspiciatis ad aut et ipsam neque quasi dolorem.', 2, 237, 14, '2018-02-21 11:44:04', '2018-02-21 11:44:04'),
(233, 'placeat', 'Perferendis cumque perspiciatis sunt eligendi aut repellendus molestias. Nihil voluptatibus dignissimos non in. Possimus sint qui veniam sunt sed minima. Suscipit possimus delectus vel culpa dolor.', 0, 708, 25, '2018-02-21 11:44:04', '2018-02-21 11:44:04'),
(234, 'soluta', 'Aut dolores quo nihil accusantium omnis dignissimos. Error necessitatibus nulla nesciunt sunt. Eos et molestiae veniam velit cupiditate error fuga.', 0, 990, 24, '2018-02-21 11:44:04', '2018-02-21 11:44:04'),
(235, 'quia', 'Consequatur magnam rem magnam repellendus qui. Vel nesciunt eligendi ea rem unde facilis doloremque. In culpa autem minus sint eligendi aperiam rerum quos. Omnis repudiandae aut itaque quidem aut.', 3, 192, 15, '2018-02-21 11:44:04', '2018-02-21 11:44:04'),
(236, 'culpa', 'Molestiae enim sed ipsum modi iusto sint. Cupiditate deleniti iusto possimus sit. Dolor ut autem rerum corrupti fugit corrupti.', 7, 656, 2, '2018-02-21 11:44:04', '2018-02-21 11:44:04'),
(237, 'id', 'Ut eum accusantium doloribus aut dolor. Officia rerum esse aperiam perferendis. Quod accusamus qui velit perferendis est nostrum dignissimos ut. Cupiditate quidem delectus et voluptatem et et a.', 9, 540, 4, '2018-02-21 11:44:04', '2018-02-21 11:44:04'),
(238, 'et', 'Dignissimos animi dolore est sint voluptatem. Perferendis eveniet et cum nostrum qui tenetur quos. Eligendi laboriosam nemo temporibus saepe et error consequuntur aspernatur. Adipisci sunt quaerat distinctio at aspernatur repellat.', 0, 325, 6, '2018-02-21 11:44:04', '2018-02-21 11:44:04'),
(239, 'aut', 'Deleniti ea voluptatum ut accusantium eum. Et placeat velit rem maxime. Adipisci minima ipsam ab cumque voluptas.', 0, 752, 17, '2018-02-21 11:44:04', '2018-02-21 11:44:04'),
(240, 'consequatur', 'Sint inventore atque minus voluptatem ut saepe. Est numquam distinctio ut placeat sint occaecati tempore. Accusamus omnis enim aut amet neque voluptas. Quis non consectetur distinctio.', 2, 381, 17, '2018-02-21 11:44:04', '2018-02-21 11:44:04'),
(241, 'hic', 'Officia eum dignissimos voluptatem tenetur nostrum sunt. Architecto iusto aut quis. Cupiditate enim consequatur quisquam et corrupti quo expedita et.', 6, 696, 23, '2018-02-21 11:44:04', '2018-02-21 11:44:04'),
(242, 'dolor', 'Nostrum vitae quo architecto ducimus quisquam explicabo. Officiis velit totam voluptas non. Quo voluptatem ad eius porro. Quis possimus architecto expedita.', 5, 646, 13, '2018-02-21 11:44:04', '2018-02-21 11:44:04'),
(243, 'dolorem', 'Laborum voluptatem consequatur quia quis qui et aliquid aliquam. Neque eveniet at nesciunt praesentium. Aliquid aut cum voluptatem sed mollitia omnis enim.', 0, 951, 30, '2018-02-21 11:44:04', '2018-02-21 11:44:04'),
(244, 'dolorum', 'Quod odio aut molestiae reiciendis. Perferendis autem similique praesentium dolores natus praesentium. Ut tempora molestiae eos vel maiores quae.', 1, 960, 10, '2018-02-21 11:44:04', '2018-02-21 11:44:04'),
(245, 'placeat', 'Vel cumque officia ex inventore ut. Praesentium sunt aspernatur voluptatem neque. Natus esse repellendus porro facere. Porro quis dolorem voluptatem aut quae recusandae consectetur excepturi.', 8, 836, 12, '2018-02-21 11:44:04', '2018-02-21 11:44:04'),
(246, 'ut', 'Et molestiae et at atque. In accusamus provident consequatur nobis ea tempore. Ipsa culpa omnis perferendis est fugiat. Vel illum fugit facere provident.', 5, 642, 30, '2018-02-21 11:44:05', '2018-02-21 11:44:05'),
(247, 'ad', 'Aut iste porro alias fugit enim laborum. Eos perspiciatis non quis impedit aut neque est. Aut non harum eveniet. Voluptatum doloribus quas assumenda dicta.', 3, 609, 6, '2018-02-21 11:44:05', '2018-02-21 11:44:05'),
(248, 'fugit', 'Veniam nobis et esse necessitatibus enim. Voluptatem sint totam explicabo quasi dolorem corrupti.', 4, 483, 21, '2018-02-21 11:44:05', '2018-02-21 11:44:05'),
(249, 'deleniti', 'Sit quis dolor aliquid rerum non iusto. Necessitatibus quia porro non non numquam quo. Hic voluptatibus qui error sint veritatis ad.', 5, 769, 14, '2018-02-21 11:44:05', '2018-02-21 11:44:05'),
(250, 'sequi', 'Enim est veniam nulla quibusdam debitis. Rerum consequatur unde iusto quia quis ut. Mollitia non eum nihil reprehenderit incidunt iusto nihil.', 5, 125, 9, '2018-02-21 11:44:05', '2018-02-21 11:44:05');

-- --------------------------------------------------------

--
-- Table structure for table `reviews`
--

CREATE TABLE `reviews` (
  `id` int(10) UNSIGNED NOT NULL,
  `product_id` int(10) UNSIGNED NOT NULL,
  `customer` varchar(191) COLLATE utf8mb4_unicode_ci NOT NULL,
  `review` text COLLATE utf8mb4_unicode_ci NOT NULL,
  `star` int(11) NOT NULL,
  `created_at` timestamp NULL DEFAULT NULL,
  `updated_at` timestamp NULL DEFAULT NULL
) ENGINE=MyISAM DEFAULT CHARSET=utf8mb4 COLLATE=utf8mb4_unicode_ci;

--
-- Dumping data for table `reviews`
--

INSERT INTO `reviews` (`id`, `product_id`, `customer`, `review`, `star`, `created_at`, `updated_at`) VALUES
(1, 235, 'Kayli Bartoletti', 'Vitae consequatur velit molestiae similique et blanditiis voluptatem. Est vitae ut quia cum autem. Exercitationem quos natus exercitationem. Nisi quidem nobis nam.', 3, '2018-02-21 11:44:08', '2018-02-21 11:44:08'),
(2, 195, 'Mrs. Everette Cummings III', 'Sapiente voluptatibus vitae ab facere nemo est qui. Ipsum quaerat magnam eum fuga esse ex. Numquam saepe asperiores perferendis. Provident recusandae sint iure doloremque necessitatibus asperiores quia sequi.', 5, '2018-02-21 11:44:08', '2018-02-21 11:44:08'),
(3, 249, 'Dr. Berta Erdman', 'Suscipit ipsa suscipit explicabo. Soluta quam facilis reprehenderit. Rerum sunt maiores possimus dolor nihil. Ad aut aliquam sed et consequatur corrupti. Tempore eveniet corporis voluptas id dolores labore maxime.', 3, '2018-02-21 11:44:08', '2018-02-21 11:44:08'),
(4, 148, 'Prof. Melyna King', 'Sunt quo doloremque reprehenderit libero cum illo. Repellendus qui non in enim aliquid consequatur. Doloremque magni nihil minus maxime et possimus. Aliquid aut consectetur et quam iste quia.', 1, '2018-02-21 11:44:08', '2018-02-21 11:44:08'),
(5, 115, 'Darion Fritsch', 'Incidunt et perferendis quis deleniti. Recusandae qui aut corporis aut sequi asperiores praesentium. Accusantium ullam eius facere nulla. Qui aut nam et. Debitis dolorem officia doloremque fugiat quo dicta.', 2, '2018-02-21 11:44:08', '2018-02-21 11:44:08'),
(6, 136, 'Dr. Ariel Kuhn', 'Aut non explicabo sunt. Excepturi quia eos illum sit sint.', 1, '2018-02-21 11:44:08', '2018-02-21 11:44:08'),
(7, 116, 'Louisa Homenick', 'Maxime ipsum est quasi quia saepe animi. Quia blanditiis sit quidem laboriosam. Qui saepe asperiores velit et numquam ut omnis. Officiis mollitia sit aut similique molestiae.', 3, '2018-02-21 11:44:08', '2018-02-21 11:44:08'),
(8, 19, 'Dr. Jarrett Jacobi MD', 'In est consectetur minima et quaerat. Et eveniet architecto itaque occaecati iusto.', 1, '2018-02-21 11:44:08', '2018-02-21 11:44:08'),
(9, 214, 'Hettie Collins', 'Distinctio id illo voluptate enim voluptatem. Ea est enim id fugit. Ut quasi consequatur earum nihil dicta.', 3, '2018-02-21 11:44:08', '2018-02-21 11:44:08'),
(10, 124, 'Cara Dare', 'Voluptas quos non rem est. Dolor perferendis sit inventore illo sunt modi. Reiciendis dolorem repellat odio suscipit odit voluptas inventore et. Vero qui velit ad.', 5, '2018-02-21 11:44:08', '2018-02-21 11:44:08'),
(11, 91, 'Shanon Beahan', 'Aut rem unde consequatur possimus voluptatem. Maiores accusamus debitis qui necessitatibus quos. Delectus ut sint at ea est et. Quibusdam dolorem nemo eos eveniet et est.', 1, '2018-02-21 11:44:08', '2018-02-21 11:44:08'),
(12, 103, 'Lucinda Bradtke', 'Fugiat vel vel nihil tenetur tempora at. Aut vel minima nostrum minima. Consequuntur culpa quis repellendus tenetur suscipit qui.', 1, '2018-02-21 11:44:08', '2018-02-21 11:44:08'),
(13, 126, 'Mr. Adam Johnston', 'Fuga voluptatem quod provident molestiae voluptatem rerum nobis. Ut voluptas consequatur consequatur rerum. Consequatur quae tenetur consequatur libero deleniti dolor mollitia. Dolorem velit autem ut aut tenetur voluptate et eos.', 2, '2018-02-21 11:44:08', '2018-02-21 11:44:08'),
(14, 91, 'Ms. Yazmin Quitzon', 'Sed labore nulla sed esse assumenda aperiam. Repellendus voluptatum ut nihil earum omnis velit amet quisquam. Voluptates enim dolorum quae reprehenderit et impedit quia.', 4, '2018-02-21 11:44:08', '2018-02-21 11:44:08'),
(15, 90, 'Jackson Ortiz PhD', 'Aperiam adipisci quod in laudantium repellat. Esse placeat sit rerum. Perferendis ea autem non voluptas deserunt et. Tempora laborum eum sint esse culpa voluptas. Soluta porro temporibus est.', 1, '2018-02-21 11:44:08', '2018-02-21 11:44:08'),
(16, 97, 'Prof. Tessie Lynch', 'Tempora adipisci officiis impedit ab eveniet blanditiis harum modi. Repellendus sequi quia culpa incidunt non dolores qui. Necessitatibus consectetur amet cumque assumenda occaecati molestiae sint. Qui qui quo molestiae qui non.', 3, '2018-02-21 11:44:08', '2018-02-21 11:44:08'),
(17, 86, 'Prof. Abdullah Carroll V', 'Nesciunt possimus fuga illo voluptatem aut placeat. Ut aut magni consectetur quisquam. Est dolores et sed molestiae similique est sint occaecati.', 2, '2018-02-21 11:44:08', '2018-02-21 11:44:08'),
(18, 212, 'Miss Lizeth Connelly', 'Dolores praesentium modi doloribus nobis. Quae sed ipsum qui est ut quam quia. Voluptatem cupiditate eaque labore placeat cupiditate. Nihil tempora dolores eligendi quos in dolor repellat itaque.', 0, '2018-02-21 11:44:08', '2018-02-21 11:44:08'),
(19, 133, 'Chadrick Rutherford IV', 'Debitis eos quia at fugit voluptatem sit. Est cupiditate qui suscipit et beatae recusandae asperiores. Quas est eius cupiditate sunt rerum. Qui placeat quia assumenda.', 3, '2018-02-21 11:44:08', '2018-02-21 11:44:08'),
(20, 75, 'Violet Sanford DVM', 'Quis nihil adipisci corporis excepturi sapiente et. Corrupti itaque sint enim maxime magni reiciendis provident. Enim voluptatem similique praesentium accusantium.', 2, '2018-02-21 11:44:08', '2018-02-21 11:44:08'),
(21, 198, 'Keon Ratke', 'Rerum sed non voluptatum ipsa voluptatem exercitationem. Dicta aut doloremque id alias et. Itaque magni omnis esse dicta quos. Iure nobis blanditiis omnis consequatur mollitia aliquid.', 3, '2018-02-21 11:44:08', '2018-02-21 11:44:08'),
(22, 250, 'Margaret Rowe', 'Magnam doloribus eveniet perspiciatis aut. Est omnis eos at et rerum ipsam ducimus. Velit neque inventore quas eligendi.', 5, '2018-02-21 11:44:08', '2018-02-21 11:44:08'),
(23, 169, 'Adolf Nader', 'Et numquam in reiciendis doloremque in ipsum. Pariatur dolor dignissimos velit voluptas nostrum. Est voluptatem molestias vel. Et rem quas est blanditiis.', 2, '2018-02-21 11:44:08', '2018-02-21 11:44:08'),
(24, 221, 'Valentina Howe', 'Perferendis esse exercitationem esse rerum vel. Ut tempore ea quo expedita libero corporis aut saepe. Temporibus tempora dolorem iure harum et ipsam totam. Et corrupti fuga porro qui.', 2, '2018-02-21 11:44:08', '2018-02-21 11:44:08'),
(25, 170, 'Carlie Keebler', 'Reiciendis voluptatem eaque quisquam odio earum. Facere fugiat praesentium debitis officiis. Minima iste possimus dignissimos laborum cupiditate voluptate numquam. Quis quas voluptatem doloribus et et eum.', 4, '2018-02-21 11:44:08', '2018-02-21 11:44:08'),
(26, 66, 'Lucinda Moen', 'Voluptas hic ipsa enim corporis cumque mollitia ut. Ut aut impedit minus neque.', 2, '2018-02-21 11:44:08', '2018-02-21 11:44:08'),
(27, 42, 'Mr. Hoyt Ernser V', 'Pariatur aut dicta quia consequatur. In suscipit et porro id consequatur esse quasi aut. Qui omnis minus consequatur quis recusandae facilis. Dicta nisi ducimus officiis voluptas omnis. Perferendis reiciendis nesciunt est ad sint.', 2, '2018-02-21 11:44:08', '2018-02-21 11:44:08'),
(28, 184, 'Nadia Wuckert PhD', 'Ea blanditiis reprehenderit nihil exercitationem voluptatem. Suscipit unde recusandae dolorum.', 5, '2018-02-21 11:44:08', '2018-02-21 11:44:08'),
(29, 2, 'Morris Bergstrom', 'Et sit provident magni deserunt. Itaque sed et voluptas cupiditate. Consectetur ducimus consequatur dolorem praesentium in. Voluptatem inventore rem perspiciatis molestiae id.', 5, '2018-02-21 11:44:08', '2018-02-21 11:44:08'),
(30, 187, 'Katheryn Weissnat', 'Et sed maxime ut molestiae atque. Accusantium laboriosam tenetur qui est consequuntur. Voluptatibus iste numquam dolor id nam. Maiores et harum in quia eaque animi.', 0, '2018-02-21 11:44:08', '2018-02-21 11:44:08'),
(31, 162, 'Dolores Auer', 'Sed officia nobis vel consectetur. Itaque sit quaerat quas iusto eligendi ut facilis aut. Id qui nihil consequatur amet corporis consequatur.', 5, '2018-02-21 11:44:08', '2018-02-21 11:44:08'),
(32, 105, 'Dr. Grant Ondricka MD', 'Totam et magni nam autem amet. Impedit quia beatae quia et perferendis velit itaque. Minus reiciendis autem dolorum fuga accusantium sit eos.', 0, '2018-02-21 11:44:08', '2018-02-21 11:44:08'),
(33, 221, 'Justen Cummings', 'Non dignissimos similique nostrum quas. Rem quis saepe corporis iusto ipsam. Reprehenderit nobis inventore iusto. Quibusdam molestiae vel beatae delectus.', 3, '2018-02-21 11:44:08', '2018-02-21 11:44:08'),
(34, 238, 'Norris Braun I', 'Quibusdam at sed eligendi aspernatur. Sit ut facere beatae et ut est et. Et labore aut accusantium aut et sint.', 4, '2018-02-21 11:44:08', '2018-02-21 11:44:08'),
(35, 159, 'Catherine Armstrong', 'Doloremque architecto blanditiis expedita maxime unde. Dolorem qui debitis dolores et ad. Accusantium aut provident officia unde non illo quos aliquid.', 0, '2018-02-21 11:44:08', '2018-02-21 11:44:08'),
(36, 173, 'Jana Dooley', 'Sit tenetur cupiditate animi odio fugiat. Voluptate asperiores sequi praesentium quia debitis reiciendis consequatur. Et et sit labore consequatur minima minima sit.', 4, '2018-02-21 11:44:08', '2018-02-21 11:44:08'),
(37, 121, 'Dr. Luz Witting MD', 'Ut occaecati enim numquam temporibus occaecati. Voluptatem quam tenetur et repellat reprehenderit perferendis numquam dignissimos. Nemo quo qui laborum quis ea debitis sit. Rerum blanditiis id tenetur vel assumenda eius iure.', 3, '2018-02-21 11:44:08', '2018-02-21 11:44:08'),
(38, 171, 'Mr. Sean Gerlach I', 'Non perferendis non voluptatum harum id quia. Consequatur et rem accusantium corrupti itaque cupiditate. Voluptatem in quibusdam accusamus accusantium aliquam assumenda. Vel voluptatem quo nihil quia vero.', 3, '2018-02-21 11:44:08', '2018-02-21 11:44:08'),
(39, 68, 'Flavio Leannon', 'Sint iure et asperiores libero dolore eligendi accusamus. Dolor corporis at rerum eius nesciunt. Quos mollitia excepturi id incidunt et quia officiis animi. Iure aspernatur itaque consequatur sint doloremque.', 5, '2018-02-21 11:44:08', '2018-02-21 11:44:08'),
(40, 91, 'Kira Kautzer', 'Doloribus nesciunt voluptas similique dicta odit dolor. Maiores minima occaecati voluptatem accusamus in. Explicabo quis cupiditate quibusdam et doloribus. Repudiandae rerum et molestias aut necessitatibus earum qui ex.', 3, '2018-02-21 11:44:08', '2018-02-21 11:44:08'),
(41, 187, 'Dr. Dane Daniel Sr.', 'Aut iste ad at quos. Consequuntur dolor voluptatum consectetur delectus. Qui aut officiis autem.', 0, '2018-02-21 11:44:08', '2018-02-21 11:44:08'),
(42, 226, 'Electa Friesen', 'Quaerat dolor laboriosam fugiat et aliquid ut est. Omnis suscipit dolores molestiae ea laudantium. Enim eos dolorum consequatur cum est.', 2, '2018-02-21 11:44:08', '2018-02-21 11:44:08'),
(43, 250, 'Madilyn Deckow', 'Sapiente quod incidunt eos sapiente facere. Earum distinctio necessitatibus ut dolor ab dolore eligendi. A et sequi et reiciendis sunt qui. Dolores accusamus aliquid ab modi. A omnis in voluptatem ut iusto similique numquam quia.', 4, '2018-02-21 11:44:08', '2018-02-21 11:44:08'),
(44, 97, 'Ms. Michele Kilback MD', 'Odit architecto mollitia alias non quidem accusamus esse. Aut reiciendis explicabo at aut. A non sint consequatur. Quia temporibus est maiores inventore voluptas. Velit harum sequi hic quasi est quisquam sit.', 4, '2018-02-21 11:44:08', '2018-02-21 11:44:08'),
(45, 212, 'Dr. Shyann Ferry', 'Inventore aspernatur molestias veniam deleniti. Ipsum est laboriosam nostrum temporibus.', 5, '2018-02-21 11:44:08', '2018-02-21 11:44:08'),
(46, 36, 'Dr. Buck Kreiger IV', 'Ab fuga provident ut esse culpa aspernatur. Consequatur repudiandae velit officia at accusamus adipisci et. Commodi qui similique occaecati ad dignissimos dolores.', 0, '2018-02-21 11:44:08', '2018-02-21 11:44:08'),
(47, 43, 'Concepcion White', 'Cupiditate laboriosam consequatur et. Numquam odit illum adipisci error voluptatibus. Voluptatibus blanditiis deleniti tenetur voluptatem provident similique. Necessitatibus et error est molestiae ut laborum.', 4, '2018-02-21 11:44:08', '2018-02-21 11:44:08'),
(48, 49, 'Humberto Haley', 'Vitae beatae at libero suscipit repellat ipsa. Accusantium ut eligendi assumenda quia aut repellat qui. Similique atque repudiandae aut nulla adipisci sit minima. Qui voluptate a harum perferendis impedit.', 4, '2018-02-21 11:44:08', '2018-02-21 11:44:08'),
(49, 169, 'Jairo Morissette DDS', 'Ratione rerum libero doloremque quaerat iusto et doloremque. Animi quibusdam et incidunt sint fugit. Aut ratione neque eveniet explicabo et eos delectus dolor.', 1, '2018-02-21 11:44:08', '2018-02-21 11:44:08'),
(50, 181, 'Dr. Jacques Donnelly DVM', 'Sed qui illum voluptates. Et minus ducimus quo explicabo impedit. Aut aut laudantium id quia.', 4, '2018-02-21 11:44:08', '2018-02-21 11:44:08'),
(51, 66, 'Prof. Joan Emard DVM', 'Molestiae eum ut veritatis ea ut sunt voluptatem. Minima et occaecati libero voluptatem. Quae magni quaerat perferendis dolores iure beatae aut. Quaerat illo dignissimos necessitatibus vitae cumque perferendis in.', 4, '2018-02-21 11:44:08', '2018-02-21 11:44:08'),
(52, 27, 'Mrs. Isabell Bartoletti', 'Est et dolorem et iusto quo. Deleniti molestiae debitis quia accusantium at sed debitis. Molestiae iusto modi sint animi ipsam et omnis. Tenetur perspiciatis voluptatem facilis eveniet. Iusto aut laboriosam consequuntur nulla.', 2, '2018-02-21 11:44:08', '2018-02-21 11:44:08'),
(53, 153, 'Erich Rodriguez Sr.', 'Dolorem occaecati ad provident molestias et iusto dolor. Recusandae minus voluptatibus fugiat. Aut repudiandae sit inventore nemo unde ipsam sed. Blanditiis voluptatum et quia laborum nihil.', 4, '2018-02-21 11:44:08', '2018-02-21 11:44:08'),
(54, 229, 'Mack Hills', 'Dolore suscipit adipisci dolores et unde consequatur officia dicta. Impedit eum atque eaque quaerat itaque eos consequatur. Voluptatem esse sed unde quas nihil quidem vel. Sit perspiciatis autem illo voluptas quam et.', 3, '2018-02-21 11:44:08', '2018-02-21 11:44:08'),
(55, 156, 'Kenya Kiehn', 'Nulla et nostrum sapiente hic et magnam. Cupiditate eaque dicta distinctio id voluptas est. Aspernatur non facilis exercitationem quae ad.', 4, '2018-02-21 11:44:08', '2018-02-21 11:44:08'),
(56, 148, 'Aurelia Stanton', 'Voluptatibus non voluptas odit non. Ut excepturi occaecati eum pariatur debitis et sed. A laboriosam est consequuntur sapiente ea numquam dolor. Ducimus facilis non voluptas est.', 3, '2018-02-21 11:44:08', '2018-02-21 11:44:08'),
(57, 166, 'Mr. Mose Wehner', 'Ut atque sint laboriosam consequatur porro. Ab dolores et magnam qui natus. Similique velit non maiores qui non id et neque.', 2, '2018-02-21 11:44:08', '2018-02-21 11:44:08'),
(58, 144, 'Ryleigh Torphy DVM', 'Ut nihil est qui ea magni autem. Enim sit unde est dolorem. Consequatur accusamus in odit et sequi tempore. Illo maiores repellat tenetur consectetur.', 4, '2018-02-21 11:44:08', '2018-02-21 11:44:08'),
(59, 188, 'Mrs. Aiyana Marquardt DDS', 'Minima quia ipsum nisi rerum quia ipsa. Non accusantium omnis nam quis. Et consectetur laborum ut sed est sed quia.', 3, '2018-02-21 11:44:08', '2018-02-21 11:44:08'),
(60, 160, 'Eulah Cremin', 'Quia magni delectus illum sapiente aut facilis atque. Et sunt ducimus praesentium excepturi dolores tempora voluptatem. Est quaerat perferendis voluptatum nesciunt voluptas eius.', 4, '2018-02-21 11:44:08', '2018-02-21 11:44:08'),
(61, 58, 'Nia Koelpin', 'Rerum nesciunt enim libero voluptatem natus consequuntur sed. Tempora pariatur facere eum tenetur natus asperiores. Illum animi aspernatur voluptas inventore. Rerum est accusamus dolores consequuntur. Impedit qui dolores odio non quo ut eum sunt.', 1, '2018-02-21 11:44:08', '2018-02-21 11:44:08'),
(62, 184, 'Kaycee Schroeder IV', 'Impedit sint debitis doloremque voluptatum. Et earum et exercitationem. Quidem iure error fugiat ratione similique voluptatem non. Perspiciatis veritatis et dolore reprehenderit officia quam corrupti non.', 1, '2018-02-21 11:44:08', '2018-02-21 11:44:08'),
(63, 54, 'Benny Gibson', 'Dolores ducimus dolor debitis est qui libero. Ut sunt officia ullam voluptas doloribus ullam. Ab repellendus et cumque perferendis quasi. Ullam perferendis necessitatibus officiis suscipit magnam at qui.', 1, '2018-02-21 11:44:08', '2018-02-21 11:44:08'),
(64, 184, 'Ambrose Pfeffer PhD', 'Dicta voluptatem veritatis totam cupiditate distinctio. Error quae magni rerum enim. Blanditiis aut neque assumenda omnis exercitationem quis.', 4, '2018-02-21 11:44:08', '2018-02-21 11:44:08'),
(65, 230, 'Alta Paucek', 'Recusandae ut occaecati iure. Quidem accusantium et quia aut labore optio quos. Ducimus magnam sed aut iure. Enim illo inventore aut eum aut.', 2, '2018-02-21 11:44:08', '2018-02-21 11:44:08'),
(66, 170, 'Miss Susanna Bruen', 'Illum doloremque atque autem omnis. Sequi iure aut quis incidunt voluptates enim.', 1, '2018-02-21 11:44:08', '2018-02-21 11:44:08'),
(67, 166, 'Willis Runolfsdottir', 'Perspiciatis odio eaque quia molestias esse. Qui dolorem saepe rerum incidunt consequatur neque aut explicabo. Et minima nisi praesentium et perspiciatis autem voluptas.', 1, '2018-02-21 11:44:08', '2018-02-21 11:44:08'),
(68, 92, 'Mohammad Wintheiser', 'Cupiditate et nulla laborum ex. Et modi qui asperiores illum nemo rerum dolorem. Quia ut veniam vitae molestiae. Minima fugiat quo in ipsa nostrum iusto.', 3, '2018-02-21 11:44:08', '2018-02-21 11:44:08'),
(69, 66, 'Tristian Schaden', 'Voluptatum tempora illum minus consequatur. Odio ea ea minima sunt libero possimus. Quibusdam officia quae vero officiis.', 1, '2018-02-21 11:44:08', '2018-02-21 11:44:08'),
(70, 19, 'Robin Wolf Jr.', 'Consequuntur harum sed voluptate qui. Quisquam animi minus vel eos. Est harum quasi repudiandae harum veniam dolor et.', 0, '2018-02-21 11:44:08', '2018-02-21 11:44:08'),
(71, 174, 'Keeley Gleichner', 'Sit commodi voluptas rerum unde. Dolor voluptas illo perspiciatis et rem. Et omnis vel ea voluptas aut numquam.', 2, '2018-02-21 11:44:08', '2018-02-21 11:44:08'),
(72, 166, 'Tyreek Kassulke', 'Aut sed et natus sint voluptate eaque et reprehenderit. Corrupti natus voluptatem voluptas sequi dolorem voluptas nihil. Aliquid consequatur aut vero.', 4, '2018-02-21 11:44:08', '2018-02-21 11:44:08'),
(73, 103, 'Ms. Adele Yost', 'Reiciendis reprehenderit rerum atque itaque. Sed occaecati ipsum rerum cumque cumque tenetur dolore. Libero voluptatibus iusto voluptatem maiores aliquam.', 1, '2018-02-21 11:44:08', '2018-02-21 11:44:08'),
(74, 47, 'Herminio Batz', 'Quas sunt sint ut. Sit fugit cum et explicabo quidem. Rerum quas magnam incidunt dicta voluptates dolores iste.', 4, '2018-02-21 11:44:08', '2018-02-21 11:44:08'),
(75, 48, 'Dr. Robyn Collins', 'Voluptates hic ex quaerat inventore voluptas qui. Vel ducimus libero autem repellendus. Maiores error repellendus nesciunt unde beatae.', 2, '2018-02-21 11:44:08', '2018-02-21 11:44:08'),
(76, 114, 'Orland Cronin', 'Et provident inventore asperiores molestiae ullam et voluptates. Inventore animi quia et cumque molestias. Animi non fugiat dolor.', 0, '2018-02-21 11:44:08', '2018-02-21 11:44:08'),
(77, 137, 'Miss Michaela Wilkinson', 'Sed libero quo et qui. Adipisci consequatur officiis id nihil aut veniam ea. Magni sit sed et iusto mollitia veritatis nulla.', 1, '2018-02-21 11:44:08', '2018-02-21 11:44:08'),
(78, 77, 'Jeremy Bailey I', 'Quo atque aut adipisci voluptatum. Optio animi ea quo est. Velit nihil perspiciatis aspernatur culpa reiciendis adipisci.', 5, '2018-02-21 11:44:08', '2018-02-21 11:44:08'),
(79, 109, 'Georgianna Ernser', 'Eum unde suscipit optio blanditiis aut nobis. Maxime vel occaecati eaque sit et voluptatem quae. Mollitia incidunt aut consequatur sit fugiat.', 2, '2018-02-21 11:44:08', '2018-02-21 11:44:08'),
(80, 23, 'Cameron McGlynn', 'Est exercitationem neque qui quia et sequi at. Voluptatem occaecati officiis ipsam perferendis ut. Sit non nihil fugiat quos enim dolores ex.', 5, '2018-02-21 11:44:08', '2018-02-21 11:44:08'),
(81, 9, 'Jason Bahringer', 'Amet explicabo animi eum aut. Quia ut non ipsum perferendis ut ex dolorem. Dicta libero veniam mollitia magnam dolores.', 5, '2018-02-21 11:44:08', '2018-02-21 11:44:08'),
(82, 229, 'Nico Mante III', 'Ea et soluta omnis inventore. Quia maxime vel et numquam eligendi. Quo et tenetur earum minima quia. Ab autem aut cumque voluptas consequatur. Ut quam dolorum est quibusdam qui.', 5, '2018-02-21 11:44:08', '2018-02-21 11:44:08'),
(83, 227, 'Gerhard Stamm', 'Voluptas tenetur quia sint corporis quos. Odio nostrum et molestiae et quidem et eveniet voluptate. Molestiae aut iste est.', 0, '2018-02-21 11:44:08', '2018-02-21 11:44:08'),
(84, 173, 'Prof. Frida Berge', 'Ab et ipsam rerum sed. Tempore ipsa dignissimos neque ipsam. Voluptatem voluptatem dolores cumque corporis aut quia.', 5, '2018-02-21 11:44:08', '2018-02-21 11:44:08'),
(85, 49, 'Isabell Homenick', 'Vel dicta et tenetur nihil quidem beatae omnis. Odio nisi amet minima et repellendus rerum omnis. Voluptas veniam rerum vel temporibus.', 3, '2018-02-21 11:44:08', '2018-02-21 11:44:08'),
(86, 122, 'Gregoria Kunze', 'Nihil qui enim odio aut laborum dicta. Cumque et doloribus fugit. Aspernatur qui iusto est voluptas accusamus fuga autem. Ad magni totam delectus tenetur.', 3, '2018-02-21 11:44:08', '2018-02-21 11:44:08'),
(87, 126, 'Rosendo Kemmer', 'Labore amet rerum ea est quos quas eos. Asperiores molestiae vero non dolor illum possimus. Ut cum eaque et vel quidem ex fugiat quas. Aut itaque qui minima.', 0, '2018-02-21 11:44:08', '2018-02-21 11:44:08'),
(88, 22, 'Prof. Savannah Mosciski', 'Aut impedit ipsam natus consequatur asperiores voluptas error. Totam quidem voluptas non itaque et. Omnis consequatur eos quo placeat sunt. Illo expedita aliquid accusantium numquam.', 5, '2018-02-21 11:44:08', '2018-02-21 11:44:08'),
(89, 70, 'Christop Swaniawski', 'Consequatur nisi enim dignissimos. Sed non non quae omnis asperiores esse. Ipsa doloribus id non deleniti. Provident ea sint ipsa totam et quia.', 0, '2018-02-21 11:44:08', '2018-02-21 11:44:08'),
(90, 55, 'Emmanuel Abshire', 'Harum quos maiores repellat autem. Nobis sunt quod necessitatibus omnis quisquam illum officiis.', 3, '2018-02-21 11:44:08', '2018-02-21 11:44:08'),
(91, 158, 'Adam Terry MD', 'Et voluptas eum voluptas consequatur ratione sint labore. Aut est aperiam qui autem. Dolorem in ut est. Occaecati consequatur maxime aspernatur nam omnis architecto. Beatae occaecati sit qui quam non.', 2, '2018-02-21 11:44:08', '2018-02-21 11:44:08'),
(92, 17, 'Lester Fay', 'Totam eaque dignissimos non dolore nihil aperiam assumenda. Quo esse possimus reiciendis. Sunt necessitatibus voluptas officiis porro. Voluptate quia rerum earum nihil dignissimos ab omnis.', 2, '2018-02-21 11:44:08', '2018-02-21 11:44:08'),
(93, 129, 'Prof. Wilfred Veum', 'Vero qui quaerat quia voluptatem explicabo ipsam incidunt tenetur. Repellat expedita consequatur accusantium. Magni voluptatem debitis non consequuntur possimus.', 0, '2018-02-21 11:44:08', '2018-02-21 11:44:08'),
(94, 7, 'Ms. Melyssa Hammes III', 'Eos autem excepturi omnis sit necessitatibus. Dolorem et eligendi nulla. In quo et vitae. Ut repellendus ab iure error dolor ut.', 4, '2018-02-21 11:44:08', '2018-02-21 11:44:08'),
(95, 245, 'Stefanie McCullough', 'Molestiae doloremque sapiente enim molestiae reiciendis natus. Consequatur sint quidem velit soluta et ut. Voluptas voluptatem vel dolor dolor ut.', 0, '2018-02-21 11:44:08', '2018-02-21 11:44:08'),
(96, 138, 'Dr. Angus Weimann', 'Placeat fugiat repellendus quis qui aut. Tempora facere ut illum nam nobis laudantium. Nemo vero sed ducimus quis ea non qui et. Ad optio sit praesentium sed consequuntur cum illum. Modi quaerat maiores quo provident.', 5, '2018-02-21 11:44:08', '2018-02-21 11:44:08'),
(97, 53, 'April Wehner', 'Qui qui alias aperiam beatae et. Excepturi nihil enim vero suscipit. Eos dicta amet sunt molestiae. Pariatur vel voluptas quo iure hic accusantium necessitatibus.', 4, '2018-02-21 11:44:08', '2018-02-21 11:44:08'),
(98, 228, 'Dr. Aaron Mayert MD', 'Magni officiis laudantium et velit eligendi. Impedit adipisci iste dolorem eius. Sit et quo omnis et dignissimos autem libero. Libero quam eius distinctio hic sit. Ut qui totam commodi nam.', 0, '2018-02-21 11:44:08', '2018-02-21 11:44:08'),
(99, 105, 'Tobin Stanton', 'Voluptas modi et fugit beatae explicabo dolores maiores nihil. Error enim ut officia est. Dicta nobis tempore dolor quis. Perferendis dolore sit corporis aut distinctio.', 5, '2018-02-21 11:44:08', '2018-02-21 11:44:08'),
(100, 199, 'Jovany Leffler', 'Tempore ut ut incidunt ea. Possimus aut labore qui. Quo nihil in occaecati. Quidem ad veniam rerum rerum.', 5, '2018-02-21 11:44:08', '2018-02-21 11:44:08'),
(101, 131, 'Jimmy Daniel', 'Corporis earum officiis nemo nemo non quo sequi. Quos consectetur non ut iusto facilis. Et ut qui repellat explicabo doloribus et. Aperiam voluptatem ea omnis exercitationem.', 5, '2018-02-21 11:44:08', '2018-02-21 11:44:08'),
(102, 29, 'Morton Kuvalis II', 'Amet eveniet debitis aliquam culpa consequatur reprehenderit amet. Sed dolorem expedita unde dolor voluptates at.', 4, '2018-02-21 11:44:08', '2018-02-21 11:44:08'),
(103, 138, 'Mr. Lafayette Farrell', 'Sed occaecati voluptas autem assumenda impedit quo dolorum. Sit rerum libero perspiciatis cum inventore. Voluptatem voluptas adipisci sunt voluptatem in voluptatem at beatae. Vel ipsam nulla distinctio sed voluptas vero eos.', 2, '2018-02-21 11:44:08', '2018-02-21 11:44:08'),
(104, 46, 'Everette McCullough', 'Minima maiores earum repellendus. Debitis enim qui adipisci in fugiat. Repudiandae amet quo quos qui.', 0, '2018-02-21 11:44:08', '2018-02-21 11:44:08'),
(105, 218, 'Prof. Gunnar Wintheiser', 'Eius alias ea doloremque voluptatem esse aliquid quam odio. Dolores debitis distinctio laborum corporis rerum et sed. Voluptate neque natus quae rerum ex nulla.', 0, '2018-02-21 11:44:08', '2018-02-21 11:44:08'),
(106, 146, 'Dr. Maria D\'Amore', 'Non nihil sed accusantium quibusdam quis a necessitatibus. Consectetur repellat non quos sunt et veniam facere. Qui tempora ut fuga atque est.', 1, '2018-02-21 11:44:08', '2018-02-21 11:44:08'),
(107, 69, 'Donald Lueilwitz Sr.', 'Quis aut necessitatibus accusamus occaecati vero. Excepturi consequatur voluptatibus maxime aut magnam libero doloribus est. Illo molestias earum consequatur qui laudantium at earum. Quos ipsam quos quia quasi voluptatum ipsa beatae quo.', 1, '2018-02-21 11:44:08', '2018-02-21 11:44:08'),
(108, 211, 'Furman Collier', 'Qui fugiat est quo eligendi qui ut. Fuga incidunt est rerum quaerat ut. Est praesentium dolorem ipsa deleniti.', 1, '2018-02-21 11:44:08', '2018-02-21 11:44:08'),
(109, 248, 'Delilah Lehner', 'Asperiores omnis et est nam. Ea aperiam qui incidunt autem. Est nihil aspernatur tempora doloribus doloribus numquam. Aut a magnam sunt eos dignissimos.', 4, '2018-02-21 11:44:08', '2018-02-21 11:44:08'),
(110, 178, 'Sonia Wyman MD', 'Rerum autem cumque pariatur recusandae voluptatem deserunt. Assumenda dolorem et quas velit. Nesciunt enim eligendi qui quis. Molestiae ad veritatis ipsum ullam et. In et voluptatem ut et aspernatur facere nobis.', 4, '2018-02-21 11:44:08', '2018-02-21 11:44:08'),
(111, 219, 'Sabryna Denesik', 'A aut provident libero sit unde incidunt. Voluptas sed ad magnam enim assumenda. Necessitatibus consequatur et ut quidem in illo qui.', 1, '2018-02-21 11:44:08', '2018-02-21 11:44:08'),
(112, 7, 'Dorris Hansen Jr.', 'Et voluptas laudantium repellat velit aliquid. Nemo et qui eos dolor dolorem consequatur alias. Veniam laboriosam sit accusamus est.', 3, '2018-02-21 11:44:08', '2018-02-21 11:44:08'),
(113, 77, 'Prof. Hayley Reichel', 'Et iste velit quidem vitae eveniet deleniti. Magnam atque non quo molestias ipsum eaque optio. Et labore nulla labore earum repudiandae nam velit.', 5, '2018-02-21 11:44:08', '2018-02-21 11:44:08'),
(114, 148, 'Edd Douglas', 'Repellendus ad consequatur aut et cum. Magnam aliquid quibusdam temporibus qui. Numquam porro nihil est aspernatur maiores.', 5, '2018-02-21 11:44:08', '2018-02-21 11:44:08'),
(115, 119, 'Gordon Daugherty MD', 'Sed cupiditate magnam commodi. Iure voluptatem dolores ipsa quod animi quas repudiandae. Voluptatem accusantium ipsa nostrum eligendi minima suscipit.', 5, '2018-02-21 11:44:08', '2018-02-21 11:44:08'),
(116, 98, 'Casandra Wuckert', 'Sit officia quis autem aspernatur voluptatem. Est non laborum et. Distinctio numquam et et id quae saepe eius.', 0, '2018-02-21 11:44:08', '2018-02-21 11:44:08'),
(117, 31, 'Miss Lucy Littel DVM', 'Quod in assumenda est dignissimos explicabo ut. Amet ea adipisci recusandae non quaerat sit. Facere rerum quod omnis. Est voluptatem blanditiis rem sunt odio.', 2, '2018-02-21 11:44:08', '2018-02-21 11:44:08'),
(118, 34, 'Miss Queenie Kessler II', 'Necessitatibus assumenda ipsam ad et in aut eos. Tenetur iste placeat nobis eos.', 2, '2018-02-21 11:44:08', '2018-02-21 11:44:08'),
(119, 42, 'Ethan Volkman', 'Aut aut modi velit recusandae quo neque et placeat. Dicta iste dolorem sunt sint minima. Fuga repellendus saepe aut reiciendis cumque. Ut et sunt nesciunt et reiciendis quia vitae.', 1, '2018-02-21 11:44:08', '2018-02-21 11:44:08'),
(120, 40, 'Carole Hammes', 'Beatae enim repellat id hic officia. Quod veritatis cum nulla facilis assumenda beatae itaque quia. Nemo et incidunt ratione quae quam tempore quidem. Est vel non reiciendis maxime.', 0, '2018-02-21 11:44:08', '2018-02-21 11:44:08'),
(121, 65, 'Wilhelm Rosenbaum', 'Eum laudantium consequatur delectus sint. Est voluptates quo id et at.', 4, '2018-02-21 11:44:08', '2018-02-21 11:44:08'),
(122, 48, 'Dr. Blaise Turner', 'Explicabo praesentium maiores fuga minima maiores magni. Voluptate praesentium et ullam rerum animi. Dolores aut sapiente est non laudantium voluptate cumque. Neque voluptatem id amet esse.', 0, '2018-02-21 11:44:08', '2018-02-21 11:44:08'),
(123, 174, 'Miss Nichole Volkman Jr.', 'Ut iusto tempora cupiditate reprehenderit magni enim. Tenetur et qui est voluptate. Dolor quae iste sapiente vel voluptatem quis. Excepturi aut ut consequuntur atque est. Blanditiis officia molestias aspernatur provident dolorum nam est.', 3, '2018-02-21 11:44:08', '2018-02-21 11:44:08'),
(124, 136, 'Leilani Hane', 'Soluta ut est totam. Corporis sequi eius atque veritatis numquam. Reprehenderit quos voluptates placeat expedita debitis. Et sunt in dolore itaque.', 3, '2018-02-21 11:44:08', '2018-02-21 11:44:08'),
(125, 227, 'Ford Hilll', 'Voluptatem quos earum dolorum sit. Voluptatum voluptas omnis quia. Ipsam qui mollitia dolore consequatur et aut nemo.', 1, '2018-02-21 11:44:08', '2018-02-21 11:44:08'),
(126, 176, 'Prof. Ariel Schmeler IV', 'Fugit fugiat qui provident quo magni eius et. Repellat autem in placeat sapiente voluptatibus. Quae id harum et adipisci explicabo ex.', 3, '2018-02-21 11:44:08', '2018-02-21 11:44:08'),
(127, 107, 'Mervin Spinka', 'Distinctio animi quidem architecto sed. Aut sequi non magni voluptatem blanditiis. Similique recusandae asperiores similique id. Sint amet quae ea occaecati.', 1, '2018-02-21 11:44:08', '2018-02-21 11:44:08'),
(128, 148, 'Imelda Lebsack', 'Molestias omnis aperiam et maiores nesciunt. Quo a vel modi omnis et iusto. Nesciunt ut repellat eos voluptatem voluptas. Mollitia vero aut animi.', 0, '2018-02-21 11:44:08', '2018-02-21 11:44:08'),
(129, 153, 'Ms. Anais Adams', 'Necessitatibus maiores laborum eum nobis doloremque aliquam. Quis in id pariatur nisi. Sunt ipsa tempore iusto corporis doloribus autem quibusdam. Perspiciatis harum omnis impedit veritatis rerum aspernatur in.', 3, '2018-02-21 11:44:08', '2018-02-21 11:44:08'),
(130, 126, 'Dr. Elody Stanton', 'Voluptatibus et autem beatae nesciunt commodi occaecati qui. Non nostrum omnis vel veritatis consequuntur ut consequatur. Enim soluta qui a nihil.', 0, '2018-02-21 11:44:08', '2018-02-21 11:44:08'),
(131, 46, 'Erna Hermiston II', 'Minus porro iste qui et quaerat. Architecto beatae sed reiciendis sunt. Velit omnis odio qui necessitatibus.', 1, '2018-02-21 11:44:08', '2018-02-21 11:44:08'),
(132, 186, 'Ms. Hassie Fadel V', 'Deleniti soluta nihil dicta deleniti a voluptatem fugiat. Tempore reprehenderit molestiae provident odio aut cumque laborum. Et iste voluptatum et quia amet sed. Libero eveniet fuga suscipit voluptatem velit. Molestias ea provident fugit vitae dolor ab.', 4, '2018-02-21 11:44:08', '2018-02-21 11:44:08'),
(133, 210, 'Martin Schmeler DDS', 'Maiores consectetur voluptas natus laboriosam veritatis repudiandae est. Asperiores itaque quis possimus omnis dignissimos.', 5, '2018-02-21 11:44:08', '2018-02-21 11:44:08'),
(134, 52, 'Delilah Ortiz', 'Nesciunt perspiciatis praesentium possimus velit et aut molestiae. Qui in cupiditate ut officiis. Vero at rerum occaecati reiciendis.', 5, '2018-02-21 11:44:08', '2018-02-21 11:44:08'),
(135, 187, 'Penelope Wilkinson', 'Aliquam recusandae autem nemo nam. Unde voluptas vel nam id. Reprehenderit consequatur sed consequatur ipsa dolores illo. Vitae id doloribus ut quaerat.', 3, '2018-02-21 11:44:08', '2018-02-21 11:44:08'),
(136, 164, 'Marco Cummings', 'Est explicabo atque aspernatur. Culpa et voluptatem est itaque qui fugit quos occaecati. Natus nemo eius dolorem nihil. Et nostrum doloribus voluptates eligendi.', 5, '2018-02-21 11:44:08', '2018-02-21 11:44:08'),
(137, 30, 'London Toy', 'Sed sit occaecati quidem quisquam. Ipsum itaque qui ullam. Quia recusandae sunt voluptatem vel vel. Non ratione odit doloremque reiciendis.', 3, '2018-02-21 11:44:08', '2018-02-21 11:44:08'),
(138, 118, 'Mrs. Erika Schulist Jr.', 'Doloribus non ut animi labore recusandae est atque. Architecto at eligendi dolor reprehenderit sint temporibus dolor. Dignissimos laborum officia saepe cumque itaque vel dignissimos consequuntur.', 2, '2018-02-21 11:44:08', '2018-02-21 11:44:08'),
(139, 102, 'Mr. Mervin Weimann', 'Consequatur perferendis minus dolores cumque voluptas laborum. Reiciendis voluptatibus nesciunt velit et.', 3, '2018-02-21 11:44:08', '2018-02-21 11:44:08'),
(140, 129, 'Prof. Naomi Mante III', 'Placeat deserunt ipsa ea aut neque. Est voluptate harum culpa aliquid nesciunt eum mollitia. Beatae est nesciunt quasi vitae.', 5, '2018-02-21 11:44:08', '2018-02-21 11:44:08'),
(141, 143, 'Prof. Monica Yost', 'Quia voluptatem quam sit ab non dignissimos. Rem consequatur quidem adipisci consequatur.', 2, '2018-02-21 11:44:08', '2018-02-21 11:44:08'),
(142, 88, 'Prof. Clare Spencer', 'Repudiandae nemo vero harum voluptatem cumque. Dolor qui dolor aspernatur expedita vel est quisquam.', 2, '2018-02-21 11:44:08', '2018-02-21 11:44:08'),
(143, 141, 'Joanny Heaney', 'Ab mollitia ex animi consequatur magnam itaque corrupti possimus. Praesentium minima ipsam quas sit. Veniam est qui debitis dicta labore. Sapiente vel odit totam dolore sit.', 4, '2018-02-21 11:44:08', '2018-02-21 11:44:08'),
(144, 8, 'Dr. Justice Koepp', 'Fuga provident dicta tenetur deserunt aut sed. Id odio repudiandae vel ut laudantium similique. Vitae et quo ut perferendis. Voluptatibus voluptatem repellat tempore est sunt eos sunt et.', 0, '2018-02-21 11:44:08', '2018-02-21 11:44:08'),
(145, 234, 'Aric Prosacco', 'Perspiciatis sit rerum eos velit qui iste. Porro adipisci aut cupiditate reprehenderit incidunt.', 2, '2018-02-21 11:44:08', '2018-02-21 11:44:08'),
(146, 10, 'Ignacio Nicolas', 'Modi voluptas voluptatem dolore dolore. Est ipsa ipsum earum maiores reprehenderit consequatur impedit eos. Est et in et suscipit quaerat voluptates. Provident expedita molestiae corporis voluptatum.', 5, '2018-02-21 11:44:08', '2018-02-21 11:44:08'),
(147, 74, 'Logan Beahan', 'Quis enim rerum non temporibus officia molestias est iste. Ea est et iste tempore libero. Voluptatem illo nam aut ipsum at.', 0, '2018-02-21 11:44:08', '2018-02-21 11:44:08'),
(148, 37, 'Mr. Burley Jaskolski', 'Vel sunt eaque culpa sapiente. Voluptas repudiandae suscipit aliquid consectetur omnis nesciunt molestias. Itaque nisi deleniti vero nihil.', 5, '2018-02-21 11:44:08', '2018-02-21 11:44:08'),
(149, 153, 'Dr. Myrl Pollich Jr.', 'Ipsum rerum officia odit sequi nulla. Similique asperiores exercitationem accusantium magnam laudantium magni reprehenderit. Illo non voluptatum aspernatur est iure. Id praesentium non sed aut sit id. Quasi quia omnis ipsum ullam.', 3, '2018-02-21 11:44:08', '2018-02-21 11:44:08'),
(150, 151, 'Prof. Roosevelt Gaylord DVM', 'Occaecati nesciunt incidunt ipsam delectus dicta reiciendis. Dicta magnam rerum animi repudiandae quod dolorum iusto. Qui soluta tempora aliquam quae.', 5, '2018-02-21 11:44:08', '2018-02-21 11:44:08'),
(151, 110, 'Desiree Konopelski', 'Perspiciatis dicta error quam veritatis quo soluta in molestiae. Rerum quis non eaque nostrum sit voluptates. Optio esse fuga aut nam.', 0, '2018-02-21 11:44:08', '2018-02-21 11:44:08'),
(152, 154, 'Kristopher Kovacek', 'Suscipit omnis tempore fuga. Et tempore distinctio odio sunt. Aut suscipit molestias autem dignissimos modi. Doloribus distinctio aliquid voluptas est qui pariatur sed.', 4, '2018-02-21 11:44:08', '2018-02-21 11:44:08'),
(153, 193, 'Frederic Jenkins', 'Alias facere tenetur recusandae cumque cum aut eveniet. Rerum iure autem facere voluptatem. Laudantium eos qui occaecati in nam.', 1, '2018-02-21 11:44:08', '2018-02-21 11:44:08'),
(154, 189, 'Dr. Oda Hettinger', 'Cum eligendi expedita error sunt in sit doloribus. Ipsa et placeat autem est deleniti et necessitatibus nihil. Natus porro rerum totam fugiat fugit. Fugit cum quia ratione autem laborum vel.', 3, '2018-02-21 11:44:08', '2018-02-21 11:44:08'),
(155, 127, 'Cordie Jacobs', 'Cumque qui rem exercitationem ea est commodi. Est totam omnis accusantium rerum nulla rerum dolores. Quidem corporis quia nihil ea architecto molestias nulla. Eius et repudiandae maxime vitae aut voluptatem veniam saepe.', 0, '2018-02-21 11:44:08', '2018-02-21 11:44:08'),
(156, 137, 'Vena Hahn', 'Molestias provident ea soluta et. Provident corrupti modi pariatur culpa aut. Tempore temporibus doloremque repudiandae dolores.', 1, '2018-02-21 11:44:08', '2018-02-21 11:44:08'),
(157, 167, 'Mr. Dawson Dibbert', 'Harum laboriosam et eius eos qui vel eveniet dolores. Maxime cumque fuga quis cupiditate sunt. Voluptatem aliquid et qui fugiat vitae placeat rerum.', 0, '2018-02-21 11:44:08', '2018-02-21 11:44:08'),
(158, 124, 'Adolph Berge', 'Asperiores dolorem quia asperiores a. Sit odit et quibusdam nobis eveniet ut cumque. Non voluptatem et sunt esse est ad. Dicta ut odio aliquam aut consectetur.', 1, '2018-02-21 11:44:08', '2018-02-21 11:44:08'),
(159, 187, 'Mrs. Karolann Graham', 'Delectus quis tempora omnis architecto fuga autem sit nisi. Ut quia repellat accusantium et totam voluptatum odit. Et quia pariatur nisi quod dolor totam. Ducimus totam vel eos provident distinctio.', 1, '2018-02-21 11:44:08', '2018-02-21 11:44:08'),
(160, 59, 'Hollie Buckridge', 'Veritatis ex sit sunt sapiente nulla quis dolor. Dolorem voluptatem id odit assumenda quo voluptates. Et sit est tenetur error doloremque sed aut.', 1, '2018-02-21 11:44:08', '2018-02-21 11:44:08'),
(161, 188, 'Holden Roob V', 'Et iste qui maiores tempora aliquid excepturi. Harum consequatur sint laboriosam aliquid est et ut. Eveniet in repellat facere quibusdam qui.', 5, '2018-02-21 11:44:08', '2018-02-21 11:44:08'),
(162, 156, 'Michelle Feeney', 'Culpa saepe similique qui sint quo laboriosam aut. Accusantium sit et quia qui unde repudiandae. Voluptas nobis et doloribus porro rem. Et repudiandae tempore eos esse. Amet maiores ipsam dolore est.', 5, '2018-02-21 11:44:08', '2018-02-21 11:44:08'),
(163, 231, 'Corene Hilll', 'Quis consequuntur animi quo aut dicta. Dolores distinctio odit laborum et reiciendis. Cum enim perferendis dicta deserunt dolores sit ea. Eaque quo quia qui vitae maxime. Voluptas incidunt nihil ducimus enim illum.', 2, '2018-02-21 11:44:08', '2018-02-21 11:44:08'),
(164, 155, 'Dr. Miguel Miller', 'Eum molestias quia sequi magni voluptate repudiandae ducimus. Quis ut totam est sit est. Vel ullam vitae qui nisi omnis fuga provident. Rerum itaque illum molestiae tenetur facere et nostrum consequatur. Mollitia qui at maxime voluptatem.', 4, '2018-02-21 11:44:08', '2018-02-21 11:44:08'),
(165, 236, 'Nellie Fritsch', 'Delectus illo sed repellat ducimus. Pariatur ea quo et et excepturi. Quasi nobis saepe amet.', 4, '2018-02-21 11:44:08', '2018-02-21 11:44:08'),
(166, 106, 'Leonor Greenholt DVM', 'Autem beatae delectus dolore iure quod est. Quis modi alias neque quaerat animi natus ut. Delectus deleniti ipsa iusto. In eos aliquam quis rem.', 4, '2018-02-21 11:44:08', '2018-02-21 11:44:08'),
(167, 141, 'Mr. Lucius Douglas PhD', 'In facere ducimus officia. Est et rem est delectus placeat. Reprehenderit nostrum tenetur iusto non. Ea voluptatem voluptatum odio recusandae ut reiciendis temporibus.', 1, '2018-02-21 11:44:08', '2018-02-21 11:44:08'),
(168, 102, 'Mrs. Ebba Schaefer', 'Eveniet corporis minima facere nisi vitae enim officiis. Temporibus perferendis et dolorem quam quis delectus et neque. In incidunt qui ab. Qui inventore minima aperiam expedita nemo placeat.', 3, '2018-02-21 11:44:08', '2018-02-21 11:44:08'),
(169, 151, 'Kallie Kulas', 'Aut inventore iure nesciunt ut et dolorem odit. Odio quos distinctio sint. Ea ea doloremque perspiciatis officiis.', 3, '2018-02-21 11:44:08', '2018-02-21 11:44:08'),
(170, 32, 'Prof. Lesley Mohr I', 'Necessitatibus et hic minima quibusdam sint autem. Quisquam velit architecto officia quibusdam. Rem quibusdam amet dolorem libero. Autem optio aut amet.', 1, '2018-02-21 11:44:08', '2018-02-21 11:44:08'),
(171, 121, 'Prof. Clovis Herzog', 'Odit distinctio quis et quaerat consectetur. Tempora eos eaque unde qui animi. Non dolor amet asperiores non ipsam culpa ex.', 3, '2018-02-21 11:44:08', '2018-02-21 11:44:08'),
(172, 89, 'Mrs. Edythe Rutherford', 'Est corrupti ipsam voluptas vel. Id consequatur non voluptatem cum. Qui ut facere voluptas a esse. Quo praesentium dolorem officiis exercitationem facilis.', 3, '2018-02-21 11:44:08', '2018-02-21 11:44:08'),
(173, 186, 'Prof. Raleigh Fahey DVM', 'Assumenda pariatur quia veniam quas consequatur consequuntur sed. Consequuntur distinctio ipsum animi ipsam quo. Laudantium excepturi mollitia cupiditate ipsam voluptas.', 0, '2018-02-21 11:44:08', '2018-02-21 11:44:08'),
(174, 111, 'Miss Shanny Dicki I', 'Quo incidunt molestias aut adipisci. Consequuntur eum aut hic qui repellendus sed. Quis non qui consequatur mollitia.', 5, '2018-02-21 11:44:08', '2018-02-21 11:44:08'),
(175, 176, 'Dr. Clovis Oberbrunner I', 'Nisi nemo ratione odio et. Molestias ab amet nulla iste officia aut debitis. Id consequatur voluptate aspernatur consequatur. Deleniti est esse qui rerum qui eum nihil rerum.', 5, '2018-02-21 11:44:08', '2018-02-21 11:44:08'),
(176, 8, 'Magali Mitchell', 'Et necessitatibus officiis quis eos. Est fuga labore debitis labore eveniet dolor est. Dolorem unde pariatur ducimus nihil est maxime quis iste.', 0, '2018-02-21 11:44:08', '2018-02-21 11:44:08'),
(177, 214, 'Abdullah Mills DDS', 'Sint exercitationem reiciendis et inventore laudantium aut repellat. Sunt corrupti fuga consequuntur ut. Mollitia beatae iusto error eaque assumenda molestiae sit.', 2, '2018-02-21 11:44:08', '2018-02-21 11:44:08'),
(178, 140, 'Yasmine Crooks', 'Minus repudiandae molestias quis inventore autem minus minus quisquam. Deserunt quisquam quia ut sed.', 1, '2018-02-21 11:44:08', '2018-02-21 11:44:08'),
(179, 76, 'Fatima Borer', 'Magni quibusdam pariatur magni accusamus ratione. Dolor nam accusamus in.', 1, '2018-02-21 11:44:08', '2018-02-21 11:44:08'),
(180, 87, 'Maggie Monahan', 'Omnis reiciendis et consequuntur facere. Vitae doloremque esse sed. Placeat sed neque est quod dolorum excepturi. Quidem culpa commodi culpa.', 1, '2018-02-21 11:44:08', '2018-02-21 11:44:08'),
(181, 200, 'Mrs. Teresa Prosacco', 'Et eligendi sit similique aut omnis ea natus. Eum numquam assumenda est nulla esse.', 5, '2018-02-21 11:44:08', '2018-02-21 11:44:08'),
(182, 36, 'Fern Murphy', 'Expedita rerum quo voluptatem amet molestiae ipsum. At blanditiis vero modi rerum esse numquam doloremque non. Qui at excepturi itaque asperiores delectus fugiat officia.', 1, '2018-02-21 11:44:08', '2018-02-21 11:44:08'),
(183, 175, 'Baby Keebler', 'Corrupti nihil eos animi praesentium. Placeat velit qui adipisci tempora. Corrupti saepe dolorum quis temporibus possimus ullam. Ducimus at laboriosam nihil nihil.', 0, '2018-02-21 11:44:08', '2018-02-21 11:44:08'),
(184, 4, 'Bobby Roberts', 'Ducimus est officiis cumque adipisci. Et accusantium illum sit architecto aliquam hic.', 0, '2018-02-21 11:44:08', '2018-02-21 11:44:08'),
(185, 164, 'Ansel Cartwright', 'Quia voluptatum impedit quasi facere libero aut quibusdam. Et aut incidunt accusantium adipisci.', 2, '2018-02-21 11:44:08', '2018-02-21 11:44:08'),
(186, 204, 'Kaitlyn Watsica', 'Velit modi quis dolorem sunt. Quisquam omnis nisi eum fugit odit molestiae. Ut beatae inventore id magni harum et. Suscipit dolorum debitis velit.', 2, '2018-02-21 11:44:08', '2018-02-21 11:44:08'),
(187, 82, 'Ottilie Rohan', 'Et consequatur ut expedita consequatur quos. Beatae voluptas rerum velit vero. Quia quia dolores dolor. Natus minus sed corporis ut explicabo porro.', 4, '2018-02-21 11:44:08', '2018-02-21 11:44:08'),
(188, 85, 'Stephen Tromp', 'Dolorem libero ipsum illum beatae id ut et. Facilis voluptatibus sit ut reiciendis doloribus et dignissimos blanditiis. Rem error quos minus sunt est et.', 1, '2018-02-21 11:44:08', '2018-02-21 11:44:08'),
(189, 5, 'Dr. Lorenza Beier', 'Placeat eaque soluta inventore. Doloribus rerum autem suscipit quasi delectus quia repellendus animi. Sapiente quo atque officiis quod cumque aut.', 3, '2018-02-21 11:44:08', '2018-02-21 11:44:08'),
(190, 156, 'Liliane Jast', 'Ut nihil deleniti ipsum nihil laborum qui aperiam illo. Ducimus fugit porro ea voluptatem praesentium eos. Eum autem velit quis ut et. Impedit dolorem sapiente hic cupiditate sint iste asperiores.', 4, '2018-02-21 11:44:08', '2018-02-21 11:44:08'),
(191, 231, 'Mrs. Earlene Runolfsson', 'Officia dolorem corrupti qui. Autem fuga blanditiis ipsam. Eos aliquam veniam aliquam error minus vero distinctio. Omnis ut nisi id voluptates ea est voluptatibus.', 3, '2018-02-21 11:44:08', '2018-02-21 11:44:08'),
(192, 101, 'Jamison Wisozk', 'Quisquam soluta qui neque reprehenderit itaque sunt. Ex aliquid doloremque suscipit voluptatum eveniet ratione. Omnis totam nisi inventore laborum ad voluptas officia.', 2, '2018-02-21 11:44:08', '2018-02-21 11:44:08'),
(193, 155, 'Finn Bernhard Sr.', 'Eius sed placeat et quis et repellat consequuntur quas. Voluptatibus itaque autem dolores non sed non. Ipsa quod rerum facere facilis ea quia. Consequuntur cum voluptatem sunt consequatur incidunt.', 4, '2018-02-21 11:44:08', '2018-02-21 11:44:08'),
(194, 154, 'Hazle Ratke', 'Velit voluptatem nihil sint. In eaque id cumque nulla eaque nesciunt distinctio aut. Velit quis quia id iste est. Quo exercitationem provident ipsa ducimus voluptatum voluptatibus assumenda ratione. Aliquam est dolorem alias fugit aliquid.', 0, '2018-02-21 11:44:08', '2018-02-21 11:44:08'),
(195, 250, 'Prof. Foster Schmidt', 'Accusantium ut aut perspiciatis hic inventore vero voluptatibus ullam. Placeat quo tempore non dolores nisi. Expedita ut odio minus dolores commodi autem distinctio. Est et sint hic id. Id et eveniet labore accusantium eos.', 4, '2018-02-21 11:44:08', '2018-02-21 11:44:08'),
(196, 197, 'Mr. Nolan Bartell Jr.', 'Magni nisi iste adipisci sint maxime. Nulla repudiandae exercitationem at consequatur quo id voluptate. Ea commodi aut veniam in omnis.', 5, '2018-02-21 11:44:08', '2018-02-21 11:44:08'),
(197, 61, 'Estel O\'Connell', 'Aliquid adipisci cum perspiciatis debitis soluta odio. Rem excepturi tempora cum unde ut at ut. Voluptatem rerum voluptatum labore placeat quia dolor voluptates quo. Similique architecto consequatur qui atque consectetur.', 4, '2018-02-21 11:44:08', '2018-02-21 11:44:08'),
(198, 197, 'Alexie Koss', 'Itaque fugiat enim placeat est eum et. Consequuntur perspiciatis sed inventore aut et culpa mollitia. Sed nam dignissimos consectetur. Cumque et enim rerum excepturi autem nam.', 1, '2018-02-21 11:44:08', '2018-02-21 11:44:08'),
(199, 246, 'Miss Ashley Moen', 'Harum illum molestias perspiciatis ad. Modi aut similique aut debitis aliquid commodi. Tempore ut aut deserunt rerum sequi perspiciatis vel.', 1, '2018-02-21 11:44:08', '2018-02-21 11:44:08'),
(200, 201, 'Johann Nitzsche', 'Quo ut voluptas animi modi velit. Beatae eos aut iusto assumenda incidunt. Minima aut voluptas ut officia quos libero quisquam laborum. Blanditiis voluptatem ab assumenda omnis in hic vitae.', 4, '2018-02-21 11:44:08', '2018-02-21 11:44:08'),
(201, 50, 'Ms. Elody Skiles III', 'Quam adipisci et error qui eum et maiores. Eius dolore in ratione facilis exercitationem nemo qui. Id eum perferendis harum eum itaque consequuntur facilis. Sequi dolor adipisci autem dolorem.', 4, '2018-02-21 11:44:08', '2018-02-21 11:44:08'),
(202, 185, 'Dr. Akeem Barton', 'Quasi veniam accusantium assumenda dicta iste corrupti harum et. Doloribus eius occaecati eaque. Deleniti ducimus adipisci est quam. Ad possimus voluptas laborum vel sunt sequi at vel.', 0, '2018-02-21 11:44:08', '2018-02-21 11:44:08'),
(203, 85, 'Barrett Shields', 'Dolorem pariatur necessitatibus sint ab. Ipsam cumque ipsum sed consequuntur accusantium eius. Laudantium pariatur velit quos atque tempora.', 4, '2018-02-21 11:44:08', '2018-02-21 11:44:08'),
(204, 222, 'Favian Beier', 'Maxime id et maxime quasi facilis dolor similique. Et asperiores ea iste ut et architecto placeat nostrum. Saepe dignissimos et eligendi rem. Nostrum fuga quia consequatur dolores.', 2, '2018-02-21 11:44:08', '2018-02-21 11:44:08'),
(205, 240, 'Olga Bogan', 'Aut quod tempora impedit quaerat et autem tempora. Fuga sapiente explicabo et facere voluptas et esse. Tenetur sapiente exercitationem consequuntur ut. Voluptate quo ex alias hic doloribus qui.', 4, '2018-02-21 11:44:08', '2018-02-21 11:44:08'),
(206, 86, 'Veda Bergstrom DVM', 'Ipsam adipisci incidunt sit fuga a id. Ea eveniet qui vel error qui dolores. Corporis libero magni quia ipsa reiciendis repellat.', 4, '2018-02-21 11:44:08', '2018-02-21 11:44:08'),
(207, 195, 'Janessa Kirlin', 'Culpa similique voluptatem itaque officia. Vitae vel earum ad velit modi. Iure ut rerum et et eos consequatur temporibus consequuntur. Possimus eveniet molestiae eaque nihil doloremque.', 5, '2018-02-21 11:44:08', '2018-02-21 11:44:08'),
(208, 64, 'Evalyn Smith', 'Autem dicta sit officia sapiente debitis. Natus aut et et neque vel non est. Neque voluptatibus est tempore aliquam amet sint.', 4, '2018-02-21 11:44:08', '2018-02-21 11:44:08');
INSERT INTO `reviews` (`id`, `product_id`, `customer`, `review`, `star`, `created_at`, `updated_at`) VALUES
(209, 38, 'Abdullah Monahan', 'Iste assumenda fuga ut totam eos at. Voluptas maxime incidunt aut accusamus consequatur delectus cum. Voluptatem voluptas eos officiis quam facilis officia consequuntur.', 2, '2018-02-21 11:44:08', '2018-02-21 11:44:08'),
(210, 151, 'Sabryna Rippin', 'Aliquam unde ex vel sit. Et molestias dolores tenetur beatae quas voluptatem dolores.', 3, '2018-02-21 11:44:08', '2018-02-21 11:44:08'),
(211, 219, 'Maiya Treutel Jr.', 'Magni aut quia adipisci corporis. Soluta iste modi sed esse. Velit aut dolorem enim voluptatem.', 3, '2018-02-21 11:44:08', '2018-02-21 11:44:08'),
(212, 70, 'Dr. Dane Welch', 'Est atque velit qui maxime illo. Sint sequi aliquid omnis et excepturi. Possimus et consequatur omnis nobis est. Enim magni aliquid qui temporibus.', 0, '2018-02-21 11:44:08', '2018-02-21 11:44:08'),
(213, 246, 'Roderick Cormier', 'In iusto quod dolor molestiae eum deleniti. Et repellendus perspiciatis eligendi laudantium. Fuga voluptatibus iste aliquam veniam sit dolorem magni. Ut et ullam ratione omnis vitae reprehenderit et optio.', 5, '2018-02-21 11:44:08', '2018-02-21 11:44:08'),
(214, 193, 'Lucile Douglas', 'Id deleniti dignissimos saepe eaque dignissimos veniam. Est sed ut consequatur in. Architecto minima rerum officia vero.', 5, '2018-02-21 11:44:08', '2018-02-21 11:44:08'),
(215, 202, 'Evelyn Waelchi', 'Sequi nam odio voluptas eius. Quaerat et est omnis ut est vel. Sit fugit temporibus animi. Iure veritatis totam quisquam qui tenetur. Ea quasi velit aperiam rerum.', 3, '2018-02-21 11:44:08', '2018-02-21 11:44:08'),
(216, 65, 'Dr. Ignatius Corkery MD', 'Optio ut et ut molestias pariatur quisquam ut. Illum repellat non molestiae dolorum. Repellendus sit placeat eaque debitis.', 0, '2018-02-21 11:44:08', '2018-02-21 11:44:08'),
(217, 241, 'Ryan Leffler', 'Architecto et est maxime alias pariatur. Similique qui dolor iusto voluptatum laudantium quia illum blanditiis. Voluptas dolore aut at eius.', 0, '2018-02-21 11:44:08', '2018-02-21 11:44:08'),
(218, 141, 'Giovani Lind', 'Quia vel error quas veritatis sed suscipit. Voluptatum dolore eos voluptatum enim. Ducimus et est cumque recusandae assumenda dicta aspernatur.', 4, '2018-02-21 11:44:08', '2018-02-21 11:44:08'),
(219, 198, 'Haylee Funk', 'Odio sit architecto repellat placeat sint illum mollitia aut. Et ducimus quia quis dolorem eius eligendi. Doloremque magnam quis eos iste.', 0, '2018-02-21 11:44:08', '2018-02-21 11:44:08'),
(220, 200, 'Mr. Marty Rodriguez DDS', 'Qui dolores iste explicabo eaque dolore et. Sunt dolores dignissimos fugit et officia delectus est. Eveniet suscipit excepturi repellendus rerum libero aut sint. Neque laudantium velit inventore itaque nihil voluptatibus explicabo.', 0, '2018-02-21 11:44:08', '2018-02-21 11:44:08'),
(221, 202, 'Gracie Borer', 'Nam corporis harum quo laborum accusamus facilis. Aut reprehenderit animi vero et. Distinctio adipisci corrupti ut molestiae quis sed. Aut qui quas aspernatur et cum.', 2, '2018-02-21 11:44:08', '2018-02-21 11:44:08'),
(222, 234, 'Gwendolyn Wintheiser', 'Et enim sed dolorum ut enim esse eveniet nostrum. Quae et cupiditate velit explicabo.', 5, '2018-02-21 11:44:08', '2018-02-21 11:44:08'),
(223, 87, 'Emie Brown', 'Autem quaerat aut et atque. Accusamus et unde voluptatum eligendi. Nesciunt nemo dignissimos harum at. Perspiciatis qui veniam ullam aspernatur qui.', 3, '2018-02-21 11:44:08', '2018-02-21 11:44:08'),
(224, 15, 'Irwin Maggio DDS', 'Quia vel odio eos dolorem necessitatibus ducimus debitis. Dolor dolor debitis facilis repellat eaque. Nemo accusantium dolorum odio adipisci ipsum aut.', 0, '2018-02-21 11:44:08', '2018-02-21 11:44:08'),
(225, 131, 'Mrs. Avis McClure I', 'Nulla laboriosam nulla in cumque et similique ipsum. Magnam necessitatibus nam et est aspernatur reprehenderit et. Atque omnis tempore quis id. Praesentium dolorum aut eius sint.', 4, '2018-02-21 11:44:08', '2018-02-21 11:44:08'),
(226, 72, 'Tatyana Batz IV', 'Non doloribus cupiditate aspernatur sequi quidem voluptas aspernatur. Exercitationem adipisci sunt consequuntur cum. Iure sit id eos accusamus voluptatum quia maiores ut. Est doloremque nemo beatae sit ut. Sunt reprehenderit cumque error adipisci voluptates fugit.', 5, '2018-02-21 11:44:08', '2018-02-21 11:44:08'),
(227, 231, 'Amara Ruecker PhD', 'Aperiam aspernatur ut recusandae qui numquam. Sunt quae quia aperiam fugiat ut quos. Et sed suscipit ab sequi.', 3, '2018-02-21 11:44:08', '2018-02-21 11:44:08'),
(228, 225, 'Dr. Ardith Hessel DVM', 'Sit non odit voluptatem sapiente mollitia corrupti quaerat. Dolorem nihil voluptas saepe molestias qui. Dolore sit velit eum vero quae.', 0, '2018-02-21 11:44:08', '2018-02-21 11:44:08'),
(229, 208, 'Mr. Evert Dach', 'Doloremque ut molestias est dicta atque beatae et. Libero sit et voluptas aliquam non sit. Et consequatur praesentium fugit et non aut. Ad nisi quo quo assumenda.', 5, '2018-02-21 11:44:08', '2018-02-21 11:44:08'),
(230, 241, 'Prof. Genevieve Swift', 'Natus vitae quia et est. Aut rerum voluptate dolore reiciendis veniam sint ex. Facere possimus accusamus facere quas et distinctio. Quo iusto molestiae non dolores possimus.', 0, '2018-02-21 11:44:08', '2018-02-21 11:44:08'),
(231, 230, 'Dr. Virgil Muller Sr.', 'Commodi vel provident a facere voluptatem minus porro. Omnis omnis ipsam inventore nihil. Ipsum ea voluptatem omnis est nulla. Assumenda in adipisci perferendis nemo voluptas esse fuga dolore.', 1, '2018-02-21 11:44:08', '2018-02-21 11:44:08'),
(232, 36, 'Queen Rolfson V', 'Dicta ducimus aut provident. Qui animi sit odio et. Laudantium numquam et autem sed illum nulla et. Illum consequatur corrupti qui sed vitae. Beatae dolor enim aut.', 5, '2018-02-21 11:44:08', '2018-02-21 11:44:08'),
(233, 117, 'Phoebe Walsh', 'Iste enim doloribus hic exercitationem debitis sit animi. Molestiae labore necessitatibus vel. Aspernatur necessitatibus commodi in tempore perferendis praesentium.', 3, '2018-02-21 11:44:08', '2018-02-21 11:44:08'),
(234, 123, 'Waylon Kris', 'Sed doloribus sit delectus iusto unde enim magni iusto. Esse vel error libero et.', 1, '2018-02-21 11:44:08', '2018-02-21 11:44:08'),
(235, 65, 'Prof. Ricardo Quigley', 'Voluptatibus perferendis ad numquam reprehenderit nisi. Quo possimus quos autem consequatur sapiente ea. Tempore qui repellendus est sit officia. Aperiam et illo sint corporis dolorem.', 3, '2018-02-21 11:44:08', '2018-02-21 11:44:08'),
(236, 106, 'Dr. Harold Heidenreich', 'Modi non voluptatem culpa consequuntur et et. Nobis qui qui rem molestias incidunt. At tempore quibusdam vitae error earum ut ad.', 1, '2018-02-21 11:44:08', '2018-02-21 11:44:08'),
(237, 229, 'Prof. Nico Crooks Jr.', 'Molestiae eos nisi quae sit doloremque. Eaque ad et nam.', 4, '2018-02-21 11:44:08', '2018-02-21 11:44:08'),
(238, 240, 'Lukas Prohaska', 'Veniam consequatur sit illo reiciendis architecto voluptates itaque consequatur. Natus consectetur est modi est. Fugit deserunt omnis sapiente asperiores. Qui error odit placeat qui earum accusamus debitis.', 1, '2018-02-21 11:44:08', '2018-02-21 11:44:08'),
(239, 93, 'Herbert Jerde', 'Eveniet animi perferendis accusamus. Est reprehenderit et maiores eveniet. Dolor quis nobis in eum omnis.', 0, '2018-02-21 11:44:08', '2018-02-21 11:44:08'),
(240, 188, 'Erika Metz', 'Velit quibusdam quis tenetur eveniet. Iusto odio ab doloribus et maxime laborum. Eaque velit et officiis reiciendis non fuga consequuntur omnis.', 2, '2018-02-21 11:44:08', '2018-02-21 11:44:08'),
(241, 159, 'Ezequiel Hickle', 'Autem doloremque tempora ex. Repudiandae pariatur natus modi eaque quia saepe ad. Ducimus delectus magnam reiciendis laudantium qui sit sapiente.', 0, '2018-02-21 11:44:08', '2018-02-21 11:44:08'),
(242, 45, 'Jerry McDermott', 'Et natus alias ea minus. Tempore sapiente itaque voluptatem voluptatem doloribus eos aut aut. Et consectetur ipsam ad ut.', 5, '2018-02-21 11:44:08', '2018-02-21 11:44:08'),
(243, 127, 'Dr. Eleanore Zboncak V', 'Commodi ut quia qui eaque vitae et. Quo hic blanditiis dignissimos voluptatum incidunt maxime. Culpa tempore eos dolor rem. Cum eos voluptatem et nisi ut.', 3, '2018-02-21 11:44:08', '2018-02-21 11:44:08'),
(244, 34, 'Willow Volkman', 'Repellat et iste quia adipisci. Pariatur dolores itaque recusandae quae. Nihil quia mollitia id ut consequatur quo cumque.', 2, '2018-02-21 11:44:08', '2018-02-21 11:44:08'),
(245, 230, 'Bessie Blick', 'Nihil natus corrupti quae voluptas temporibus. Et est qui nostrum hic distinctio. Aut necessitatibus est quos.', 1, '2018-02-21 11:44:08', '2018-02-21 11:44:08'),
(246, 54, 'Mr. Reuben Robel', 'Ut ut et in rerum in maxime. Delectus reprehenderit sunt veniam dolorum aut cumque. Maiores commodi ad molestiae eum esse ea quidem vel.', 5, '2018-02-21 11:44:08', '2018-02-21 11:44:08'),
(247, 122, 'Destinee Kris', 'Et ea illum est nemo. Aut unde eos aut eaque. Eos natus consequatur nemo tempora in maiores. Molestias aut dolor nam qui voluptatem explicabo neque.', 1, '2018-02-21 11:44:08', '2018-02-21 11:44:08'),
(248, 217, 'Kelli McDermott', 'Aut qui est iure sed et. Aut architecto dolor amet hic nobis eos fuga. Ad alias unde officia cum totam quos. Sed optio minima et eos ducimus porro nesciunt.', 0, '2018-02-21 11:44:08', '2018-02-21 11:44:08'),
(249, 154, 'Vivien Wisozk', 'Voluptatibus voluptatem et provident voluptatem et. In est voluptatem eveniet officia rerum rerum cupiditate in. Et eligendi aut molestiae illum. Eos quidem dicta nihil consequatur et distinctio.', 5, '2018-02-21 11:44:08', '2018-02-21 11:44:08'),
(250, 139, 'Lewis Brakus', 'Dolorum distinctio natus maiores. Corporis ex cumque assumenda aut non. Ducimus minima eum quas earum iure et atque eos.', 5, '2018-02-21 11:44:08', '2018-02-21 11:44:08'),
(251, 174, 'Jonatan Aufderhar', 'Quisquam est ea cupiditate dolorem sequi est expedita. Sequi odit sapiente in qui nostrum ut. Voluptas corrupti est quisquam optio earum atque dicta.', 2, '2018-02-21 11:44:08', '2018-02-21 11:44:08'),
(252, 45, 'Dr. Gretchen Corwin', 'Quibusdam aliquid pariatur voluptas optio. Ducimus atque repellendus ut. Facilis deserunt enim et cupiditate. Perferendis dolorem autem consequatur debitis dolorum.', 2, '2018-02-21 11:44:08', '2018-02-21 11:44:08'),
(253, 190, 'Thad Crona', 'Quibusdam provident minus a inventore. Quia quaerat dicta ipsa quia veritatis eaque dicta. Consequatur adipisci non ad et.', 3, '2018-02-21 11:44:08', '2018-02-21 11:44:08'),
(254, 55, 'Prof. Ivah Kihn', 'Aut qui tempore consectetur sit quod consequatur et. Doloremque dolor ut optio sapiente tenetur necessitatibus reiciendis. Unde et quis a unde quia.', 1, '2018-02-21 11:44:08', '2018-02-21 11:44:08'),
(255, 248, 'Reilly Schultz', 'Ipsam omnis eum ea saepe ipsa. Velit omnis beatae qui eos. Eum non minima perspiciatis.', 3, '2018-02-21 11:44:08', '2018-02-21 11:44:08'),
(256, 186, 'Georgette Spinka', 'Illo molestiae unde est non dolor ipsam praesentium. Quis dolorem facere voluptas saepe quis.', 1, '2018-02-21 11:44:08', '2018-02-21 11:44:08'),
(257, 194, 'Prof. Jayden Kohler', 'Quidem quas deserunt in temporibus distinctio veritatis. Optio eius perferendis rem architecto reiciendis possimus. Occaecati aspernatur cupiditate qui quaerat est eum. Saepe voluptas aspernatur debitis fuga quae quia doloribus.', 3, '2018-02-21 11:44:08', '2018-02-21 11:44:08'),
(258, 102, 'Mr. Agustin Schmidt Jr.', 'Et quibusdam ducimus ut omnis hic. Voluptatem excepturi dolores similique placeat id debitis consectetur. Nesciunt alias dolor maxime accusantium. Ut et aperiam eligendi recusandae nihil dolorem architecto.', 2, '2018-02-21 11:44:08', '2018-02-21 11:44:08'),
(259, 183, 'Wilber Crooks', 'Aut velit hic nisi distinctio repellat dolorem architecto. Dolor facere accusamus magnam nulla iste non aspernatur ea. Autem sed saepe enim nostrum molestiae. Dolorem sed accusamus laudantium enim distinctio.', 1, '2018-02-21 11:44:08', '2018-02-21 11:44:08'),
(260, 126, 'Delmer Schowalter', 'Iusto asperiores vel ullam distinctio. Eligendi corporis consectetur dolores dolor accusamus. Numquam rerum qui illo et nam quo inventore.', 4, '2018-02-21 11:44:08', '2018-02-21 11:44:08'),
(261, 114, 'Dolores Reinger', 'Voluptas vero expedita eaque laborum. Iusto odio architecto perspiciatis sint illo sequi. Sint aspernatur id maxime. Distinctio saepe et molestiae neque alias.', 5, '2018-02-21 11:44:08', '2018-02-21 11:44:08'),
(262, 135, 'Dr. Coty Schuppe MD', 'Perspiciatis sapiente totam perspiciatis eius ut. Enim eum voluptas dolores assumenda. Vero commodi excepturi velit laboriosam.', 4, '2018-02-21 11:44:08', '2018-02-21 11:44:08'),
(263, 127, 'Florine Kirlin MD', 'Sint distinctio modi fugiat dolor voluptates ipsum. Nostrum dolores quam amet occaecati magnam perspiciatis quo. Enim est consequatur voluptatem magnam. Non et hic quis ut doloribus perspiciatis quod dolore.', 5, '2018-02-21 11:44:08', '2018-02-21 11:44:08'),
(264, 46, 'Cole Corwin', 'Iure doloremque est provident vitae doloribus. Cupiditate sed quasi consequatur incidunt omnis recusandae veritatis a. Qui est quo accusantium vel atque.', 4, '2018-02-21 11:44:08', '2018-02-21 11:44:08'),
(265, 2, 'Dr. Dedrick Schmidt', 'Blanditiis minima nesciunt beatae exercitationem suscipit. Consequuntur omnis non iure porro omnis beatae. Eum voluptas sint tempore accusantium fuga est earum et. Tenetur ex occaecati dignissimos distinctio quod.', 3, '2018-02-21 11:44:08', '2018-02-21 11:44:08'),
(266, 66, 'Prof. Amie Leannon', 'Nihil commodi non officia atque dolor similique voluptatum. Aliquid illum dolorem quasi vero dolor magni consequatur. Odit officiis et totam quia non eos. Quis et et aliquid beatae.', 3, '2018-02-21 11:44:08', '2018-02-21 11:44:08'),
(267, 169, 'Birdie Cormier II', 'Officiis corporis esse eos tempora voluptate molestiae nulla. Voluptatibus illo quos ab ipsum ut incidunt. Dolorem adipisci excepturi fuga laborum delectus.', 3, '2018-02-21 11:44:08', '2018-02-21 11:44:08'),
(268, 63, 'Isom Hermann', 'Eligendi quia reiciendis at provident expedita. Fuga impedit hic laborum totam commodi quia dolorem. Quod molestiae consequuntur fugiat quia accusantium doloremque quibusdam dignissimos. Culpa laboriosam similique iure provident.', 0, '2018-02-21 11:44:08', '2018-02-21 11:44:08'),
(269, 73, 'Rose Padberg', 'Est reiciendis est ad soluta sed cumque. Sed corporis iure reiciendis et aliquam. Itaque quae sed et vero eum voluptatem. Sit inventore repudiandae quam non et delectus quam est.', 5, '2018-02-21 11:44:08', '2018-02-21 11:44:08'),
(270, 144, 'Tyson Nikolaus', 'Corporis est ut dignissimos nesciunt. Et necessitatibus et facilis ut. Voluptatem sed aut aut aut sint eos unde dolores.', 3, '2018-02-21 11:44:08', '2018-02-21 11:44:08'),
(271, 29, 'Mr. Carter Hegmann', 'Voluptate quia cupiditate quia quaerat. Itaque doloribus est et repellat. Impedit sit et nobis corporis est nesciunt dolorem.', 0, '2018-02-21 11:44:08', '2018-02-21 11:44:08'),
(272, 26, 'Kathleen Lynch', 'Tenetur non porro consequatur voluptatem ut facilis velit totam. Tempore delectus ut tenetur voluptatum beatae eligendi. Quia ad laudantium eos laboriosam. Minus voluptatem in sed nam consequatur harum ipsum quia.', 2, '2018-02-21 11:44:08', '2018-02-21 11:44:08'),
(273, 9, 'Jamie Price IV', 'Enim iste impedit eos. Sunt earum explicabo consequuntur aut dolorem temporibus. Ea cumque dicta quod.', 1, '2018-02-21 11:44:08', '2018-02-21 11:44:08'),
(274, 206, 'Mrs. Michelle Boyle Sr.', 'Mollitia dolorem fuga corrupti ullam minima. Ab et labore repellendus consequatur distinctio.', 3, '2018-02-21 11:44:08', '2018-02-21 11:44:08'),
(275, 92, 'Lucie Terry', 'Voluptatem praesentium consectetur sapiente temporibus sed. Veniam a et ipsam eius dolores iste. Corporis quasi voluptatum id ex repudiandae.', 3, '2018-02-21 11:44:08', '2018-02-21 11:44:08'),
(276, 152, 'Jacquelyn DuBuque', 'Omnis harum hic nostrum velit. Ad doloremque eaque eum voluptatem rem ad. Numquam minus iure quod reiciendis unde. Qui ut repudiandae neque sint dolor aut voluptas.', 4, '2018-02-21 11:44:08', '2018-02-21 11:44:08'),
(277, 118, 'Prof. Erna Lehner', 'Minus cupiditate tempora debitis sit qui ipsam. Et voluptatem quo necessitatibus dolorem dicta eum est qui. Quasi quo error voluptate est dolor fuga esse.', 3, '2018-02-21 11:44:08', '2018-02-21 11:44:08'),
(278, 127, 'Alfonzo Hessel', 'Quo expedita veniam et porro doloremque. Repudiandae necessitatibus amet dolorum temporibus ut quaerat vero. Illum sint repudiandae voluptatibus optio odit. Libero similique sed sunt inventore occaecati maxime.', 1, '2018-02-21 11:44:08', '2018-02-21 11:44:08'),
(279, 248, 'Eileen Shanahan I', 'Odit fugit quibusdam quia pariatur. Consequatur dolorem aliquid quibusdam blanditiis quaerat atque saepe commodi. Officiis in voluptatem hic non maiores. Vero maiores eius enim nulla veritatis sit harum qui.', 3, '2018-02-21 11:44:08', '2018-02-21 11:44:08'),
(280, 117, 'Naomi Lebsack', 'Quod quia rerum voluptas tenetur. Rem velit est nostrum quo velit deleniti. Ex soluta sint quo ea quisquam earum nihil.', 2, '2018-02-21 11:44:08', '2018-02-21 11:44:08'),
(281, 193, 'Prof. Ari Hagenes Sr.', 'Cumque et mollitia vero quibusdam omnis. Quia velit iure quia error. Iusto fugit quia voluptatem nostrum.', 3, '2018-02-21 11:44:08', '2018-02-21 11:44:08'),
(282, 179, 'Hubert Shields', 'Optio ut rerum ea. Ipsa ducimus alias aut similique et autem. Ut quia corporis aspernatur omnis. Nostrum rem error a minus quia dignissimos ut.', 4, '2018-02-21 11:44:08', '2018-02-21 11:44:08'),
(283, 115, 'Howard Hoeger DVM', 'Earum sed aut molestiae. Omnis velit consequatur sit quibusdam harum. Doloremque minima itaque nemo dignissimos. Aut mollitia cupiditate similique sint debitis.', 3, '2018-02-21 11:44:08', '2018-02-21 11:44:08'),
(284, 212, 'Lelah Koepp', 'Cupiditate exercitationem soluta omnis molestiae voluptas in. Dolores exercitationem placeat aspernatur numquam excepturi. Aliquid ab non est numquam aut qui.', 1, '2018-02-21 11:44:08', '2018-02-21 11:44:08'),
(285, 215, 'Everardo Ward DDS', 'Atque optio aut consequatur corporis aut perferendis laboriosam excepturi. Possimus aliquam aut veniam id. Atque debitis ea necessitatibus unde neque. Dolor quam quam eum qui magnam tenetur voluptate.', 4, '2018-02-21 11:44:08', '2018-02-21 11:44:08'),
(286, 131, 'Dr. Trace Lakin', 'Omnis dignissimos et reprehenderit velit natus facere. Incidunt temporibus nobis ab harum consequuntur. Est dolore inventore velit repellat mollitia.', 0, '2018-02-21 11:44:08', '2018-02-21 11:44:08'),
(287, 65, 'Amya Harris', 'Fuga dolorem in eum sit est animi occaecati. Voluptatem et modi ad. Ut ut amet et eos omnis natus.', 3, '2018-02-21 11:44:08', '2018-02-21 11:44:08'),
(288, 170, 'London Maggio', 'Et possimus sit consequatur. Harum perspiciatis expedita accusantium necessitatibus ipsam officiis.', 3, '2018-02-21 11:44:08', '2018-02-21 11:44:08'),
(289, 103, 'Alejandrin Bahringer MD', 'Laboriosam aut asperiores velit harum. Libero et et aut qui excepturi minus. Hic adipisci autem ut quos doloribus eum. Recusandae pariatur odit qui molestiae rerum nulla deserunt.', 3, '2018-02-21 11:44:08', '2018-02-21 11:44:08'),
(290, 221, 'Brenden Will', 'Qui est nihil adipisci qui doloremque dolorem qui. Blanditiis provident quo molestiae et minus beatae molestiae. Facere tempora reiciendis ipsum non at.', 3, '2018-02-21 11:44:08', '2018-02-21 11:44:08'),
(291, 71, 'Burnice Hand', 'Sunt reiciendis modi et qui ut. Nesciunt eius iure laboriosam qui dolor sed. Voluptas et sapiente voluptate in libero est illo rerum. Et aliquid eos suscipit sed perferendis debitis.', 4, '2018-02-21 11:44:08', '2018-02-21 11:44:08'),
(292, 30, 'Miss Marietta Jerde', 'Consequatur itaque amet qui. Aliquam officiis ullam architecto praesentium eaque. Sunt esse minus soluta sed sit fugiat dignissimos. Corporis quia est omnis quo.', 5, '2018-02-21 11:44:08', '2018-02-21 11:44:08'),
(293, 35, 'Amari Greenfelder', 'Ipsum facilis sit et modi. Eligendi quibusdam nulla quod perferendis nam beatae laboriosam corrupti. Ratione itaque fugit ipsa vel sint qui sint. Quaerat sit pariatur sit voluptatem fugiat quidem. Repellendus atque excepturi nesciunt ex.', 2, '2018-02-21 11:44:08', '2018-02-21 11:44:08'),
(294, 80, 'Ursula Ortiz', 'Porro ut iusto fugiat sit quisquam iste. Aut voluptates mollitia quaerat ipsum. Esse qui itaque deleniti nobis deleniti maxime.', 3, '2018-02-21 11:44:08', '2018-02-21 11:44:08'),
(295, 220, 'Rhianna Romaguera I', 'Delectus ipsum voluptatem et consequatur fuga quo voluptas. Sunt animi harum qui sequi omnis excepturi a. Eveniet nam nihil molestiae autem.', 2, '2018-02-21 11:44:08', '2018-02-21 11:44:08'),
(296, 195, 'Kathryn Hickle', 'Nisi enim totam sit aliquam cumque sunt. Repudiandae nostrum beatae voluptas commodi ipsum.', 0, '2018-02-21 11:44:08', '2018-02-21 11:44:08'),
(297, 48, 'Ms. Jayne Hessel V', 'Beatae aut unde quia ea eaque iure et. Vero illum enim alias distinctio maiores qui ipsam. Autem sed aut ad doloremque et.', 4, '2018-02-21 11:44:08', '2018-02-21 11:44:08'),
(298, 116, 'Crystal Grady III', 'Neque doloribus facere ut et. Numquam error architecto quo deleniti dolorum.', 2, '2018-02-21 11:44:08', '2018-02-21 11:44:08'),
(299, 151, 'Joany Huel', 'Veniam a maxime ratione omnis eaque repellat. Enim id dolore soluta exercitationem ipsum voluptatem vel. Qui qui consequuntur dolor eos.', 2, '2018-02-21 11:44:08', '2018-02-21 11:44:08'),
(300, 152, 'Shaun Reilly', 'Quidem porro in deleniti labore esse non. Voluptatem exercitationem perspiciatis vero qui magnam quae deleniti. Repudiandae quo temporibus et vel.', 1, '2018-02-21 11:44:08', '2018-02-21 11:44:08');

-- --------------------------------------------------------

--
-- Table structure for table `users`
--

CREATE TABLE `users` (
  `id` int(10) UNSIGNED NOT NULL,
  `name` varchar(191) COLLATE utf8mb4_unicode_ci NOT NULL,
  `email` varchar(191) COLLATE utf8mb4_unicode_ci NOT NULL,
  `password` varchar(191) COLLATE utf8mb4_unicode_ci NOT NULL,
  `remember_token` varchar(100) COLLATE utf8mb4_unicode_ci DEFAULT NULL,
  `created_at` timestamp NULL DEFAULT NULL,
  `updated_at` timestamp NULL DEFAULT NULL
) ENGINE=MyISAM DEFAULT CHARSET=utf8mb4 COLLATE=utf8mb4_unicode_ci;

--
-- Indexes for dumped tables
--

--
-- Indexes for table `migrations`
--
ALTER TABLE `migrations`
  ADD PRIMARY KEY (`id`);

--
-- Indexes for table `password_resets`
--
ALTER TABLE `password_resets`
  ADD KEY `password_resets_email_index` (`email`);

--
-- Indexes for table `products`
--
ALTER TABLE `products`
  ADD PRIMARY KEY (`id`);

--
-- Indexes for table `reviews`
--
ALTER TABLE `reviews`
  ADD PRIMARY KEY (`id`),
  ADD KEY `reviews_product_id_index` (`product_id`);

--
-- Indexes for table `users`
--
ALTER TABLE `users`
  ADD PRIMARY KEY (`id`),
  ADD UNIQUE KEY `users_email_unique` (`email`);

--
-- AUTO_INCREMENT for dumped tables
--

--
-- AUTO_INCREMENT for table `migrations`
--
ALTER TABLE `migrations`
  MODIFY `id` int(10) UNSIGNED NOT NULL AUTO_INCREMENT, AUTO_INCREMENT=8;
--
-- AUTO_INCREMENT for table `products`
--
ALTER TABLE `products`
  MODIFY `id` int(10) UNSIGNED NOT NULL AUTO_INCREMENT, AUTO_INCREMENT=251;
--
-- AUTO_INCREMENT for table `reviews`
--
ALTER TABLE `reviews`
  MODIFY `id` int(10) UNSIGNED NOT NULL AUTO_INCREMENT, AUTO_INCREMENT=301;
--
-- AUTO_INCREMENT for table `users`
--
ALTER TABLE `users`
  MODIFY `id` int(10) UNSIGNED NOT NULL AUTO_INCREMENT;
/*!40101 SET CHARACTER_SET_CLIENT=@OLD_CHARACTER_SET_CLIENT */;
/*!40101 SET CHARACTER_SET_RESULTS=@OLD_CHARACTER_SET_RESULTS */;
/*!40101 SET COLLATION_CONNECTION=@OLD_COLLATION_CONNECTION */;
